<modification>
	<name>Product Sticker</name>
	<code>product_sticker.ocmod</code>
	<author>http://seregin-pro.ru/</author>
	<version>2.0.0</version>
	<link>http://seregin-pro.ru/</link>
	
	<!-- ALTER TABLE `oc_product`  ADD `featured_sticker` INT NOT NULL ; -->
	
	<!-- 2.1.0.1, 2.1.0.2, 2.2.0.0, 2.3.0.2 -->

	<!-- controller -->
	
	<file path="catalog/controller/module/{bestseller.php,latest.php,special.php,alsobuy.php}|catalog/controller/extension/module/{bestseller.php,latest.php,special.php,alsobuy.php}|catalog/controller/product/{product.php,category.php,manufacturer.php,search.php,special.php}">
		<operation>
			<search><![CDATA[
				$this->load->model('catalog/product');
			]]></search>
			<add position="before"><![CDATA[
				$data['text_new_sticker'] = $this->language->get('text_new_sticker');
				$data['text_featured_sticker'] = $this->language->get('text_featured_sticker');
				$data['text_bestseller_sticker'] = $this->language->get('text_bestseller_sticker');
				$this->document->addStyle('catalog/view/theme/default/stylesheet/product_sticker.css');
				
				$data['sticker_position'] = (int)$this->config->get('config_sticker_show') ? 'sticker_left' : 'sticker_right';
				$data['sticker_type'] = (int)$this->config->get('config_sticker_type') ? 'sticker_circle' : 'sticker_rectangle';
			]]></add>
		</operation>
		<operation>
			<search><![CDATA[
				$data['products'][] = array
			]]></search>
			<add position="before"><![CDATA[
				// New Sticker
				$date_added = (time() - strtotime($result['date_added'])) / 86400;
				
				if ((int)$this->config->get('config_sticker_date_added') && (int)$date_added <= $this->config->get('config_sticker_date_added')) {
					$new_sticker = true;
				} else {
					$new_sticker = false;
				}
				
				// Sale Sticker
				if (isset($result['special_percent']) && (int)$result['special_percent']) {
					$sale_sticker = $result['special_percent'];
				} elseif ((float)$result['special']) {
					$sale_sticker = round(($result['price'] - $result['special']) / ($result['price'] / 100));
				} else {
					$sale_sticker = 0;
				}
				
				// Featured Sticker
				if ((int)$result['featured_sticker']) {
					$featured_sticker = true;
				} else {
					$featured_sticker = false;
				}
				
				// Bestseller Sticker
				if ((int)$this->config->get('config_bestseller_sticker') && (int)$result['bestseller_sticker'] && (int)$result['bestseller_sticker'] >= (int)$this->config->get('config_bestseller_sticker')) {
					$bestseller_sticker = $result['bestseller_sticker'];
				} else {
					$bestseller_sticker = false;
				}
			]]></add>
		</operation>
		<operation>
			<search><![CDATA[
				$data['products'][] = array(
			]]></search>
			<add position="after"><![CDATA[
				'new_sticker'         => $new_sticker,
				'sale_sticker'        => $sale_sticker,
				'featured_sticker'    => $featured_sticker,
				'bestseller_sticker'  => $bestseller_sticker,
			]]></add>
		</operation>		
	</file>
	<file path="catalog/controller/module/featured.php|catalog/controller/extension/module/featured.php">
		<operation>
			<search><![CDATA[
				$this->load->model('catalog/product');
			]]></search>
			<add position="before"><![CDATA[
				$data['text_new_sticker'] = $this->language->get('text_new_sticker');
				$data['text_featured_sticker'] = $this->language->get('text_featured_sticker');
				$data['text_bestseller_sticker'] = $this->language->get('text_bestseller_sticker');
				$this->document->addStyle('catalog/view/theme/default/stylesheet/product_sticker.css');
				
				$data['sticker_position'] = (int)$this->config->get('config_sticker_show') ? 'sticker_left' : 'sticker_right';
				$data['sticker_type'] = (int)$this->config->get('config_sticker_type') ? 'sticker_circle' : 'sticker_rectangle';
			]]></add>
		</operation>
		<operation>
			<search><![CDATA[
				$data['products'][] = array
			]]></search>
			<add position="before"><![CDATA[
				// New Sticker
				$date_added = (time() - strtotime($product_info['date_added'])) / 86400;
				
				if ((int)$this->config->get('config_sticker_date_added') && (int)$date_added <= $this->config->get('config_sticker_date_added')) {
					$new_sticker = true;
				} else {
					$new_sticker = false;
				}
				
				// Sale Sticker
				if (isset($product_info['special_percent']) && (int)$product_info['special_percent']) {
					$sale_sticker = $product_info['special_percent'];
				} elseif ((float)$product_info['special']) {
					$sale_sticker = round(($product_info['price'] - $product_info['special']) / ($product_info['price'] / 100));
				} else {
					$sale_sticker = 0;
				}
				
				// Featured Sticker
				if ((int)$product_info['featured_sticker']) {
					$featured_sticker = true;
				} else {
					$featured_sticker = false;
				}
				
				// Bestseller Sticker
				if ((int)$this->config->get('config_bestseller_sticker') && (int)$product_info['bestseller_sticker'] && (int)$product_info['bestseller_sticker'] >= (int)$this->config->get('config_bestseller_sticker')) {
					$bestseller_sticker = $product_info['bestseller_sticker'];
				} else {
					$bestseller_sticker = false;
				}
			]]></add>
		</operation>
		<operation>
			<search><![CDATA[
				$data['products'][] = array(
			]]></search>
			<add position="after"><![CDATA[
				'new_sticker'         => $new_sticker,
				'sale_sticker'     	  => $sale_sticker,
				'featured_sticker'    => $featured_sticker,
				'bestseller_sticker'  => $bestseller_sticker,
			]]></add>
		</operation>		
	</file>
	<file path="catalog/controller/product/product.php">
		<operation>
			<search><![CDATA[
				$data['text_select'] = $this->language->get('text_select');
			]]></search>
			<add position="before"><![CDATA[
				$data['text_new_sticker'] = $this->language->get('text_new_sticker');
				$data['text_featured_sticker'] = $this->language->get('text_featured_sticker');
				$data['text_bestseller_sticker'] = $this->language->get('text_bestseller_sticker');
				$this->document->addStyle('catalog/view/theme/default/stylesheet/product_sticker.css');
				
				$data['sticker_position'] = (int)$this->config->get('config_sticker_show') ? 'sticker_left' : 'sticker_right';
				$data['sticker_type'] = (int)$this->config->get('config_sticker_type') ? 'sticker_circle' : 'sticker_rectangle';
			]]></add>
		</operation>
		<operation>
			<search><![CDATA[
				$discounts =
			]]></search>
			<add position="before"><![CDATA[
				// New Sticker
				$date_added = (time() - strtotime($product_info['date_added'])) / 86400;
				
				if ((int)$this->config->get('config_sticker_date_added') && (int)$date_added <= $this->config->get('config_sticker_date_added')) {
					$data['new_sticker'] = true;
				} else {
					$data['new_sticker'] = false;
				}
				
				// Sale Stiker
				if (isset($product_info['special_percent']) && (int)$product_info['special_percent']) {
					$data['sale_sticker'] = $product_info['special_percent'];
				} elseif ((float)$product_info['special']) {
					$data['sale_sticker'] = round(($product_info['price'] - $product_info['special']) / ($product_info['price'] / 100));
				} else {
					$data['sale_sticker'] = 0;
				}
				
				// Featured Stiker
				if ((int)$product_info['featured_sticker']) {
					$data['featured_sticker'] = true;
				} else {
					$data['featured_sticker'] = false;
				}
				
				// Bestseller Sticker
				if ((int)$this->config->get('config_bestseller_sticker') && (int)$product_info['bestseller_sticker'] && (int)$product_info['bestseller_sticker'] >= (int)$this->config->get('config_bestseller_sticker')) {
					$data['bestseller_sticker'] = $product_info['bestseller_sticker'];
				} else {
					$data['bestseller_sticker'] = false;
				}
			]]></add>
		</operation>		
	</file>
	<file path="admin/controller/catalog/product.php">
		<operation>
			<search><![CDATA[
				$data['tab_general'] = $this->language->get('tab_general');
			]]></search>
			<add position="before"><![CDATA[
				$data['entry_featured_sticker'] = $this->language->get('entry_featured_sticker');
			]]></add>
		</operation>
		<operation>
			<search><![CDATA[
				if (isset($this->request->post['model'])) {
			]]></search>
			<add position="before"><![CDATA[
				if (isset($this->request->post['featured_sticker'])) {
					$data['featured_sticker'] = $this->request->post['featured_sticker'];
				} elseif (!empty($product_info)) {
					$data['featured_sticker'] = $product_info['featured_sticker'];
				} else {
					$data['featured_sticker'] = true;
				}
			]]></add>
		</operation>
	</file>
	<file path="admin/controller/setting/setting.php">
		<operation>
			<search><![CDATA[
				$data['heading_title'] = $this->language->get('heading_title');
			]]></search>
			<add position="after"><![CDATA[
				$data['entry_sticker_date_added'] = $this->language->get('entry_sticker_date_added');
				$data['entry_bestseller_sticker'] = $this->language->get('entry_bestseller_sticker');
				$data['help_sticker'] = $this->language->get('help_sticker');
				$data['text_product_sticker'] = $this->language->get('text_product_sticker');
				$data['entry_sticker_show'] = $this->language->get('entry_sticker_show');
				$data['text_sticker_left'] = $this->language->get('text_sticker_left');
				$data['text_sticker_right'] = $this->language->get('text_sticker_right');
				$data['entry_sticker_type'] = $this->language->get('entry_sticker_type');
				$data['text_sticker_circle'] = $this->language->get('text_sticker_circle');
				$data['text_sticker_rectangle'] = $this->language->get('text_sticker_rectangle');
			]]></add>
		</operation>
		<operation>
			<search><![CDATA[
				$data['header'] = $this->load->controller('common/header');
			]]></search>
			<add position="before"><![CDATA[
				if (isset($this->request->post['config_sticker_date_added'])) {
					$data['config_sticker_date_added'] = $this->request->post['config_sticker_date_added'];
				} else {
					$data['config_sticker_date_added'] = $this->config->get('config_sticker_date_added');
				}
				
				if (isset($this->request->post['config_bestseller_sticker'])) {
					$data['config_bestseller_sticker'] = $this->request->post['config_bestseller_sticker'];
				} else {
					$data['config_bestseller_sticker'] = $this->config->get('config_bestseller_sticker');
				}
				
				if (isset($this->request->post['config_sticker_show'])) {
					$data['config_sticker_show'] = $this->request->post['config_sticker_show'];
				} else {
					$data['config_sticker_show'] = $this->config->get('config_sticker_show');
				}
				
				if (isset($this->request->post['config_sticker_type'])) {
					$data['config_sticker_type'] = $this->request->post['config_sticker_type'];
				} else {
					$data['config_sticker_type'] = $this->config->get('config_sticker_type');
				}
			]]></add>
		</operation>
	</file>
	
	<!-- model -->
	
	<file path="admin/model/catalog/product.php">
		<operation>
			<search><![CDATA[
				model = '" . $this->db->escape($data['model']) . "',
			]]></search>
			<add position="replace"><![CDATA[
				model = '" . $this->db->escape($data['model']) . "', featured_sticker = '" . (int)$data['featured_sticker'] . "',
			]]></add>
		</operation>
	</file>
	<file path="catalog/model/catalog/product.php">
		<operation>
			<search index="0"><![CDATA[
				(SELECT AVG(rating) AS total
			]]></search>
			<add position="replace"><![CDATA[
				(SELECT SUM(op.quantity) FROM " . DB_PREFIX . "order_product op LEFT JOIN `" . DB_PREFIX . "order` o ON (op.order_id = o.order_id) LEFT JOIN " . DB_PREFIX . "product_to_store p2s ON (op.product_id = p2s.product_id) WHERE op.product_id = p.product_id AND o.order_status_id > '0' AND p.status = '1' AND p.date_available <= NOW() AND p2s.store_id = '" . (int)$this->config->get('config_store_id') . "' GROUP BY op.product_id LIMIT 1) AS bestseller_sticker, (SELECT AVG(rating) AS total
			]]></add>
		</operation>
		<operation>
			<search><![CDATA[
				'product_id'       => $query->row['product_id'],
			]]></search>
			<add position="after"><![CDATA[
				'featured_sticker'   => $query->row['featured_sticker'],
				'bestseller_sticker' => $query->row['bestseller_sticker'],
			]]></add>
		</operation>
	</file>
	
	<!-- view -->
	
	<file path="catalog/view/theme/*/template/module/{bestseller.tpl,latest.tpl,featured.tpl,special.tpl,alsobuy.tpl}|catalog/view/theme/*/template/extension/module/{bestseller.tpl,latest.tpl,featured.tpl,special.tpl,alsobuy.tpl}|catalog/view/theme/*/template/product/{product.tpl,category.tpl,manufacturer_info.tpl,search.tpl,special.tpl}">
		<operation>
			<search><![CDATA[
				<?php if ($product['price']) { ?>
			]]></search>
			<add position="before"><![CDATA[
				<div class="stickers <?php echo $sticker_type; ?> <?php echo $sticker_position; ?>">
				  <?php if ($product['new_sticker']) { ?>
				  <div class="new_sticker">
					  <p><?php echo $text_new_sticker; ?></p>
				  </div>
				  <?php } ?>
				  <?php if ($product['special']) { ?>
				  <div class="sale_sticker">
				    <p>-<?php echo $product['sale_sticker']; ?>%</p>
				  </div>
				  <?php } ?>
				  <?php if ($product['featured_sticker']) { ?>
				  <div class="featured_sticker">
					  <p><?php echo $text_featured_sticker; ?></p>
				  </div>
				  <?php } ?>
				  <?php if ($product['bestseller_sticker']) { ?>
				  <div class="bestseller_sticker">
					<p><?php echo $text_bestseller_sticker; ?></p>
				  </div>
				  <?php } ?>
				</div>
			]]></add>
		</operation>		
	</file>
	<file path="catalog/view/theme/*/template/product/product.tpl">
		<operation>
			<search><![CDATA[
				<?php if ($thumb || $images) { ?>
			]]></search>
			<add position="before"><![CDATA[
				<div class="stickers <?php echo $sticker_type; ?> <?php echo $sticker_position; ?>">
				  <?php if ($new_sticker) { ?>
				  <div class="new_sticker">
					<p><?php echo $text_new_sticker; ?></p>
				  </div>
				  <?php } ?>
				  <?php if ($special) { ?>
				  <div class="sale_sticker">
					<p>-<?php echo $sale_sticker; ?>%</p>
				  </div>
				  <?php } ?>
				  <?php if ($featured_sticker) { ?>
				  <div class="featured_sticker">
					<p><?php echo $text_featured_sticker; ?></p>
				  </div>
				  <?php } ?>
				  <?php if ($bestseller_sticker) { ?>
				  <div class="bestseller_sticker">
					<p><?php echo $text_bestseller_sticker; ?></p>
				  </div>
				  <?php } ?>
				</div>
			]]></add>
		</operation>		
	</file>
	<file path="admin/view/template/setting/setting.tpl">
		<operation>
			<search><![CDATA[
				<div class="tab-pane" id="tab-option">
			]]></search>
			<add position="after"><![CDATA[
			  <fieldset>
                <legend><?php echo $text_product_sticker; ?></legend>
				<div class="form-group">
                  <label class="col-sm-2 control-label" for="input-sticker-date-added"><span data-toggle="tooltip" title="<?php echo $help_sticker; ?>"><?php echo $entry_sticker_date_added; ?></span></label>
                  <div class="col-sm-10">
                    <input type="text" name="config_sticker_date_added" value="<?php echo $config_sticker_date_added; ?>" placeholder="<?php echo $entry_sticker_date_added; ?>" id="input-sticker-date-added" class="form-control" />
				  </div>
			    </div>
				<div class="form-group">
                  <label class="col-sm-2 control-label" for="input-bestseller-sticker"><span data-toggle="tooltip" title="<?php echo $help_sticker; ?>"><?php echo $entry_bestseller_sticker; ?></span></label>
                  <div class="col-sm-10">
                    <input type="text" name="config_bestseller_sticker" value="<?php echo $config_bestseller_sticker; ?>" placeholder="<?php echo $entry_bestseller_sticker; ?>" id="input-bestseller-sticker" class="form-control" />
				  </div>
			    </div>
				<div class="form-group">
                  <label class="col-sm-2 control-label"><?php echo $entry_sticker_show; ?></label>
                  <div class="col-sm-10">
                    <label class="radio-inline">
                      <?php if ($config_sticker_show) { ?>
                      <input type="radio" name="config_sticker_show" value="1" checked="checked" />
                      <?php echo $text_sticker_left; ?>
                      <?php } else { ?>
                      <input type="radio" name="config_sticker_show" value="1" />
                      <?php echo $text_sticker_left; ?>
                      <?php } ?>
                    </label>
                    <label class="radio-inline">
                      <?php if (!$config_sticker_show) { ?>
                      <input type="radio" name="config_sticker_show" value="0" checked="checked" />
                      <?php echo $text_sticker_right; ?>
                      <?php } else { ?>
                      <input type="radio" name="config_sticker_show" value="0" />
                      <?php echo $text_sticker_right; ?>
                      <?php } ?>
                    </label>
                  </div>
                </div>
				<div class="form-group">
                  <label class="col-sm-2 control-label"><?php echo $entry_sticker_type; ?></label>
                  <div class="col-sm-10">
                    <label class="radio-inline">
                      <?php if ($config_sticker_type) { ?>
                      <input type="radio" name="config_sticker_type" value="1" checked="checked" />
                      <?php echo $text_sticker_circle; ?>
                      <?php } else { ?>
                      <input type="radio" name="config_sticker_type" value="1" />
                      <?php echo $text_sticker_circle; ?>
                      <?php } ?>
                    </label>
                    <label class="radio-inline">
                      <?php if (!$config_sticker_type) { ?>
                      <input type="radio" name="config_sticker_type" value="0" checked="checked" />
                      <?php echo $text_sticker_rectangle; ?>
                      <?php } else { ?>
                      <input type="radio" name="config_sticker_type" value="0" />
                      <?php echo $text_sticker_rectangle; ?>
                      <?php } ?>
                    </label>
                  </div>
                </div>
              </fieldset>
			]]></add>
		</operation>		
	</file>
	<file path="admin/view/template/catalog/product_form.tpl">
		<operation>
			<search><![CDATA[
				<div class="tab-pane" id="tab-data">
			]]></search>
			<add position="after"><![CDATA[
			    <div class="form-group">
                  <label class="col-sm-2 control-label" for="input-featured-sticker"><?php echo $entry_featured_sticker; ?></label>
                  <div class="col-sm-10">
                    <select name="featured_sticker" id="input-featured-sticker" class="form-control">
                      <?php if ($featured_sticker) { ?>
                      <option value="1" selected="selected"><?php echo $text_yes; ?></option>
                      <option value="0"><?php echo $text_no; ?></option>
                      <?php } else { ?>
                      <option value="1"><?php echo $text_yes; ?></option>
                      <option value="0" selected="selected"><?php echo $text_no; ?></option>
                      <?php } ?>
                    </select>
                  </div>
                </div>
			]]></add>
		</operation>		
	</file>
	
	<!-- language -->
	
	<file path="catalog/language/en-gb/en-gb.php|catalog/language/english/english.php">
		<operation>
			<search><![CDATA[
				// Text
			]]></search>
			<add position="after"><![CDATA[
				$_['text_new_sticker']     		= "New";
				$_['text_featured_sticker']     = "Shop choice";
				$_['text_bestseller_sticker']   = "Hit";
			]]></add>
		</operation>		
	</file>
	<file path="catalog/language/ru-ru/ru-ru.php|catalog/language/russian/russian.php">
		<operation>
			<search><![CDATA[
				// Text
			]]></search>
			<add position="after"><![CDATA[
				$_['text_new_sticker']     		= "Новый";
				$_['text_featured_sticker']     = "Наш выбор";
				$_['text_bestseller_sticker']   = "Хит";
			]]></add>
		</operation>		
	</file>
	<file path="admin/language/en-gb/catalog/product.php|admin/language/english/catalog/product.php">
		<operation>
			<search><![CDATA[
				// Text
			]]></search>
			<add position="after"><![CDATA[
				$_['entry_featured_sticker']     = "Sticker Our Choice";
			]]></add>
		</operation>		
	</file>
	<file path="admin/language/ru-ru/catalog/product.php|admin/language/russian/catalog/product.php">
		<operation>
			<search><![CDATA[
				// Text
			]]></search>
			<add position="after"><![CDATA[
				$_['entry_featured_sticker']     = "Стикер Наш Выбор";
			]]></add>
		</operation>		
	</file>
	<file path="admin/language/en-gb/setting/setting.php|admin/language/english/setting/setting.php">
		<operation>
			<search><![CDATA[
				// Text
			]]></search>
			<add position="after"><![CDATA[
				$_['text_product_sticker'] 	    = 'Product Sticker';
				$_['entry_sticker_date_added'] 	= 'New Products (days)';
				$_['entry_bestseller_sticker'] 	= 'Bestseller Products (number of sales)';
				$_['entry_sticker_show'] 		= 'Show';
				$_['text_sticker_left'] 		= 'Left';
				$_['text_sticker_right'] 		= 'Right';
				$_['entry_sticker_type'] 		= 'Type sticker';
				$_['text_sticker_circle'] 		= 'Circle';
				$_['text_sticker_rectangle'] 	= 'Rectangle';
				$_['help_sticker'] 	            = 'If this feature is not needed, leave the field empty';
			]]></add>
		</operation>		
	</file>
	<file path="admin/language/ru-ru/setting/setting.php|admin/language/russian/setting/setting.php">
		<operation>
			<search><![CDATA[
				// Text
			]]></search>
			<add position="after"><![CDATA[
				$_['text_product_sticker'] 	    = 'Стикеры для товара';
				$_['entry_sticker_date_added'] 	= 'Считать товар новым (дней)';
				$_['entry_bestseller_sticker'] 	= 'Считать товар хитом (количество продаж)';
				$_['entry_sticker_show'] 		= 'Отображение';
				$_['text_sticker_left'] 		= 'Слева';
				$_['text_sticker_right'] 		= 'Справа';
				$_['entry_sticker_type'] 		= 'Тип стикера';
				$_['text_sticker_circle'] 		= 'Круглый';
				$_['text_sticker_rectangle'] 	= 'Прямоугольный';
				$_['help_sticker'] 	            = 'Если данная возможность не нужна, то оставьте поле пустым';
			]]></add>
		</operation>		
	</file>
	
</modification>