<modification>
	<name>ProductBundles by iSenseLabs</name>
	<version>3.7.6</version>
	<link>http://isenselabs.com</link>
	<author>iSenseLabs</author>
	<code>isenselabs_productbundles</code>
  
  	<file path="admin/controller/catalog/product.php">
		<operation>
			<search><![CDATA[$json[] = array(]]></search>
			<add position="before"><![CDATA[
				$special = false;
				$product_specials = $this->model_catalog_product->getProductSpecials($result['product_id']);
				foreach ($product_specials  as $product_special) {
					if (($product_special['date_start'] == '0000-00-00' || $product_special['date_start'] < date('Y-m-d')) && ($product_special['date_end'] == '0000-00-00' || $product_special['date_end'] > date('Y-m-d'))) {
						$special = $product_special['price'];
						break;
					}					
				}
			]]></add>
		</operation>
		
		<operation>
			<search><![CDATA[$json[] = array(]]></search>
			<add  position="after"><![CDATA[
				'special' => (float)$special, 
			]]></add>
		</operation>
	</file>
  
  	<file path="admin/view/template/common/menu.tpl">
		<operation>
			<search position="after"><![CDATA[<li><a href="<?php echo $product; ?>"><?php echo $text_product; ?></a></li>]]></search>
			<add position="after"><![CDATA[
				<li><a href="index.php?route=module/productbundles&token=<?php echo $_GET['token']; ?>">Product Bundles</a></li>
			]]></add>
		</operation>
	</file>
  
  	<file path="catalog/controller/common/header.php">
		<operation>
			<search><![CDATA['name'     => $category['name'],]]></search>
			<add position="after"><![CDATA[
				'sort_order' => $category['sort_order'],
			]]></add>
		</operation>	

	
		<operation>
			<search><![CDATA[$data['language'] = $this->load->controller('common/language');]]></search>
			<add position="after"><![CDATA[
				$ProductBundles = $this->config->get('productbundles');
				
				if  ((isset($ProductBundles)) && ($ProductBundles['Enabled']== 'yes') && ($ProductBundles['MainLinkEnabled']== 'yes') && (!empty($ProductBundles['LinkTitle'][$this->config->get('config_language_id')]))) {
					$data['categories'][] = array(
						'name'     => $ProductBundles['LinkTitle'][$this->config->get('config_language_id')],
						'children' => array(),
						'column'   => 1,
						'sort_order' => $ProductBundles['LinkSortOrder'],
						'href'     => $this->url->link('module/productbundles/listing')
					);
					
					if (!function_exists('cmpCategoriesOrder')) {
						function cmpCategoriesOrder($a, $b) {
							if ($a['sort_order'] == $b['sort_order']) {
								return 0;
							}
							return ($a['sort_order'] < $b['sort_order']) ? -1 : 1;
						}
					}

					uasort($data['categories'], 'cmpCategoriesOrder');
				}
			
				

			]]></add>
		</operation>
	</file>
  
  	<file path="catalog/controller/common/seo_url.php">
		<operation>
			<search><![CDATA[$parts = explode('/', $this->request->get['_route_']);]]></search>
			<add position="after"><![CDATA[
			$ProductBundles = $this->config->get('productbundles');
			$pbSeoSlug = isset($ProductBundles['SeoURL']) ? $ProductBundles['SeoURL'] : array('bundles');
			$parts = array_filter($parts);
			foreach ($pbSeoSlug as $pb_slug) { 
				if (count($parts) == 1 && ($parts[0] == $pb_slug)) {
					$this->request->get['route'] = 'module/productbundles/listing';
					return new Action($this->request->get['route']);
				}
			}
			]]></add>
		</operation>
		
		<operation>
			<search><![CDATA[parse_str($url_info['query'], $data);]]></search>
			<add position="after"><![CDATA[
			$ProductBundles = $this->config->get('productbundles');
			$pbSeoSlug = isset($ProductBundles['SeoURL'][$this->config->get('config_language_id')]) ? $ProductBundles['SeoURL'][$this->config->get('config_language_id')] : 'bundles';
			if (isset($data['route']) && $data['route'] == 'module/productbundles/listing') {
				$url .= '/'.$pbSeoSlug;
			}
			]]></add>
		</operation>
	</file>
	
</modification>