<?xml version="1.0" encoding="utf-8"?>
<modification>
    <code>HYPER_LOYALTY</code>
    <name>HYPER LOYALTY +</name>
    <version>2.5.4</version>
    <author>k-A web systems</author>
    <file path="system/library/cart.php">
        <operation error="skip">
            <search><![CDATA[class Cart {]]></search>
            <add position="replace"><![CDATA[
				require_once DIR_SYSTEM.'library/hdcart.php';
				class Cart extends \hdCart {
            ]]></add>
        </operation>

		<operation error="skip">
			<search><![CDATA[public function getProducts() {]]></search>
			<add position="replace"><![CDATA[
				public function _getProducts() {
			]]></add>
		</operation>
		<!-- 2.1 -->
		<operation error="skip">
			<search><![CDATA['download'        => $download_data,]]></search>
			<add position="after"><![CDATA[
				'option_price' => $option_price,
				'total_option' => $option_price * ((floatval(VERSION)>2.0)?$cart['quantity']:$quantity),
			]]></add>
		</operation>
		<!-- 2.0 -->
		<operation error="skip">
			<search><![CDATA['key'             => $key,]]></search>
			<add position="after"><![CDATA[
				'cart_id'             => $key,
			]]></add>
		</operation>
		<operation error="skip">
			<search><![CDATA[private $db;]]></search>
			<add position="replace"><![CDATA[
				protected $db;
			]]></add>
		</operation>
		<operation error="skip">
			<search><![CDATA[private $config;]]></search>
			<add position="replace"><![CDATA[
				protected $config;
			]]></add>
		</operation>
		
    </file>
	<file path="admin/model/catalog/product.php">
        <operation>
            <search><![CDATA[$this->cache->delete('product');]]></search>
            <add position="after"><![CDATA[
           	$this->load->model('total/hyper_discount/discount');
            $this->model_total_hyper_discount_discount->reIndexProducts($product_id);
            ]]></add>
        </operation>
    </file>	
	<!-- 2.2 -->
	<file path="system/library/cart/cart.php">
	    <operation error="skip">
            <search><![CDATA[class Cart {]]></search>
            <add position="replace"><![CDATA[
				require_once DIR_SYSTEM.'library/hdcart.php';
				class Cart extends \hdCart {
            ]]></add>
        </operation>

		<operation error="skip">
			<search><![CDATA[public function getProducts() {]]></search>
			<add position="replace"><![CDATA[
				public function _getProducts() {
			]]></add>
		</operation>
		<operation error="skip">
			<search><![CDATA['quantity'        => $cart['quantity'],]]></search>
			<add position="after"><![CDATA[
				'option_price' => $option_price,
				'total_option' => $option_price * $cart['quantity'],
			]]></add>
		</operation>
	</file>
</modification>
