<modification>
	<name>Product Page Views</name>
	<code>product_page_views</code>
	<version>2.0</version>
	<author>lowenet</author>
	<link>http://lowenet.biz/</link>
	
	<file path="catalog/view/theme/*/template/product/product.tpl">
		<operation>
			<search><![CDATA[<div class="rating">]]></search>
			<add position="before" index="1"><![CDATA[			
			<h4>Просмотров: <?php echo $view; ?></h4>
			]]></add>
		</operation>
	</file>

	<file path="catalog/controller/product/product.php">
		<operation>
			<search><![CDATA[$data['images'] = array();]]></search>
			<add position="after"><![CDATA[		
            $data['view'] = $product_info['viewed'];
			]]></add>
		</operation>
	</file>

</modification>