<?xml version="1.0" encoding="utf-8"?>
<modification>
  <name>Корзина Popup</name>
  <code>ocdev_smart_cart_110</code>
  <version>2</version>
  <author>opencart2x.ru</author>
  <link>https://opencart2x.ru</link>
  <file path="catalog/controller/common/header.php">
     <operation error="skip">
      <search><![CDATA[public function index() {]]></search>
      <add position="after"><![CDATA[
        $data['smca_form_data']         = (array)$this->config->get('ocdev_smart_cart_form_data');
        $data['smca_store_id']          = (int)$this->config->get('config_store_id');
        $data['smca_customer_group_id'] = ($this->customer->isLogged()) ? (int)$this->customer->getGroupId() : (int)$this->config->get('config_customer_group_id');
      ]]></add>
    </operation>
  </file>
  <file path="catalog/controller/common/footer.php">
     <operation error="skip">
      <search><![CDATA[public function index() {]]></search>
      <add position="after"><![CDATA[
        $data['smca_form_data']         = (array)$this->config->get('ocdev_smart_cart_form_data');
        $data['smca_store_id']          = (int)$this->config->get('config_store_id');
        $data['smca_customer_group_id'] = ($this->customer->isLogged()) ? (int)$this->customer->getGroupId() : (int)$this->config->get('config_customer_group_id');
      ]]></add>
    </operation>
  </file>
  <file path="catalog/view/theme/*/template/common/header.tpl">
     <operation error="skip">
      <search><![CDATA[</head>]]></search>
      <add position="before"><![CDATA[
        <?php
          $customer_groups = isset($smca_form_data['customer_groups']) ? $smca_form_data['customer_groups'] : array();
          $stores = isset($smca_form_data['stores']) ? $smca_form_data['stores'] : array();
        ?>
        <?php if ($smca_form_data['activate'] && !in_array($smca_customer_group_id, $customer_groups) && !in_array($smca_store_id, $stores)) { ?>
        <!-- <?php echo $smca_form_data['front_module_name'].':'.$smca_form_data['front_module_version']; ?> -->
        <script src="catalog/view/javascript/ocdev_smart_cart/jquery.magnific-popup.min.js?v=<?php echo $smca_form_data['front_module_version']; ?>" type="text/javascript"></script>
        <link href="catalog/view/javascript/ocdev_smart_cart/magnific-popup.css?v=<?php echo $smca_form_data['front_module_version']; ?>" rel="stylesheet" media="screen" />
        <link rel="stylesheet" type="text/css" href="catalog/view/theme/default/stylesheet/ocdev_smart_cart/stylesheet.css?v=<?php echo $smca_form_data['front_module_version']; ?>"/>
        <script type="text/javascript" src="catalog/view/javascript/ocdev_smart_cart/ocdev_smart_cart.js?v=<?php echo $smca_form_data['front_module_version']; ?>"></script>
        <!-- <?php echo $smca_form_data['front_module_name'].':'.$smca_form_data['front_module_version']; ?> -->
        <?php } ?>
      ]]></add>
    </operation>
  </file>
  <file path="catalog/view/theme/*/template/common/footer.tpl">
     <operation error="skip">
      <search><![CDATA[</body>]]></search>
      <add position="before"><![CDATA[
        <?php
          $customer_groups = isset($smca_form_data['customer_groups']) ? $smca_form_data['customer_groups'] : array();
          $stores = isset($smca_form_data['stores']) ? $smca_form_data['stores'] : array();
        ?>
        <?php if ($smca_form_data['activate'] && !in_array($smca_customer_group_id, $customer_groups) && !in_array($smca_store_id, $stores)) { ?>
        <!-- <?php echo $smca_form_data['front_module_name'].':'.$smca_form_data['front_module_version']; ?> -->
        <script type="text/javascript">
          $(function() {
            $.ajax({
              type: 'get',
              url:  'index.php?route=extension/module/ocdev_smart_cart/cartProducts',
              dataType: 'json',
              success: function(json) {
                // one step
                $.each($("[onclick^='"+json['add_function_selector']+"']"), function() {
                  var product_id = $(this).attr('onclick').match(/[0-9]+/);
                    $(this)
                    .attr('onclick', 'getOCwizardModal_smca(\'' + $(this).attr('onclick').match(/[0-9]+/) + '\',\'' + 'add' + '\');')
                    .addClass('smca-call-button');
                });
                var product_id_in_page = $("input[name='product_id']").val();
                  $('#'+json['add_id_selector'])
                  .unbind('click')
                  .attr('onclick', 'getOCwizardModal_smca(\'' + product_id_in_page + '\',\'' + 'add_option' + '\');');
                // two step
                if (json['cart_products']) {
                  $.each(json['cart_products'], function(i,value) {
                    $('[onclick="getOCwizardModal_smca(\'' + value + '\',\'' + 'add' + '\');"]')
                    .html('<i class="fa fa-shopping-cart"></i> <span class="hidden-xs hidden-sm hidden-md">' + json['text_in_cart'] + '</span>')
                    .attr('onclick', 'getOCwizardModal_smca(\'' + value + '\',\'' + 'load' + '\');');
                    $('[onclick="getOCwizardModal_smca(\'' + value + '\',\'' + 'add_option' + '\');"]')
                    .html(json['text_in_cart'])
                    .attr('onclick', 'getOCwizardModal_smca(\'' + value + '\',\'' + 'load_option' + '\');');
                  });
                }
                if (json['cart_products_vs_options']) {
                  $.each(json['cart_products_vs_options'], function(i,value) {
                    $('[onclick="getOCwizardModal_smca(\'' + value + '\',\'' + 'add' + '\');"]')
                    .html('<i class="fa fa-shopping-cart"></i> <span class="hidden-xs hidden-sm hidden-md">' + json['text_in_cart'] + '</span>');
                    $('[onclick="getOCwizardModal_smca(\'' + value + '\',\'' + 'add_option' + '\');"]')
                    .html(json['text_in_cart_vs_options']);
                  });
                }
              }
            });
          });
          function getOCwizardModal_smca(product_id, action) {
            quantity = typeof(quantity) != 'undefined' ? quantity : 1;
            if (action == "add") {
              $.ajax({
                url: 'index.php?route=checkout/cart/add',
                type: 'post',
                data: 'product_id=' + product_id + '&quantity=' + quantity,
                dataType: 'json',
                success: function(json) {
                  if (json['redirect']) {
                    location = json['redirect'];
                  }
                  if (json['success']) {
                    buttonManipulate();
                    getOCwizardModal_smca(product_id,'load');
                    $('#cart-total').html(json['total']);
                  }
                }
              });
            }

            if (action == "load" || action == "load_option") {
              $.magnificPopup.open({
                tLoading: '<img src="catalog/view/theme/default/stylesheet/ocdev_smart_cart/loading.svg" alt="" />',
                items: {
                  src: 'index.php?route=extension/module/ocdev_smart_cart',
                  type: 'ajax'
                },
                showCloseBtn: false
              });
              $('.mfp-bg').css({
                'background': 'url(image/ocdev_smart_cart/background/<?php echo $smca_form_data['style_beckground']; ?>)',
                'opacity': '<?php echo ($smca_form_data['background_opacity'] == 0) ? $smca_form_data['background_opacity'] : $smca_form_data['background_opacity']/10; ?>'
              });
            }

            if (action == "add_option") {
              $.ajax({
                url: 'index.php?route=checkout/cart/add',
                type: 'post',
                data: $('#product input[type=\'text\'], #product input[type=\'hidden\'], #product input[type=\'radio\']:checked, #product input[type=\'checkbox\']:checked, #product select, #product textarea'),
                dataType: 'json',
                beforeSend: function() {
                  $('#button-cart').button('loading');
                },
                complete: function() {
                  $('#button-cart').button('reset');
                },
                success: function(json) {
                  $('.alert, .text-danger').remove();
                  $('.form-group').removeClass('has-error');

                  if (json['error']) {
                    if (json['error']['option']) {
                      for (i in json['error']['option']) {
                        var element = $('#input-option' + i.replace('_', '-'));

                        if (element.parent().hasClass('input-group')) {
                          element.parent().after('<div class="text-danger">' + json['error']['option'][i] + '</div>');
                        } else {
                          element.after('<div class="text-danger">' + json['error']['option'][i] + '</div>');
                        }
                      }
                    }
                    $('.text-danger').parent().addClass('has-error');
                  }
                  if (json['success']) {
                    buttonManipulate();
                    getOCwizardModal_smca(product_id, 'load_option');
                    $('#cart-total').html(json['total']);
                  }
                }
              });
            }
          }
        </script>
        <!-- <?php echo $smca_form_data['front_module_name'].':'.$smca_form_data['front_module_version']; ?> -->
        <?php } ?>
      ]]></add>
    </operation>
  </file>
</modification>
