<?xml version="1.0" encoding="utf-8" ?>
<modification>
    
	<name>Redirect Manager</name>
    <code>redirect_manager</code>
	<version>v300.1</version>
	<author>Clear Thinking, LLC</author>
	<link>http://www.getclearthinking.com/contact?inquiry=Question regarding Redirect Manager: </link>
	
	<file path="catalog/controller/common/header.php">
		<operation error="skip">
			<search trim="true"><![CDATA[
				function index() {
			]]></search>
			<add position="after" trim="true"><![CDATA[
				// Clear Thinking: Redirect Manager
				$this->load->model('extension/module/redirect_manager');
				$this->model_extension_module_redirect_manager->redirect();
				// end
			]]></add>
		</operation>
	</file>
	
</modification>