<?xml version="1.0" encoding="utf-8"?>
<modification>
	<name>Комплекты товаров</name>
	<code>grouped-product</code>
	<version>1.0</version>
	<author>opencart2x.ru</author>
	<link>https://opencart2x.ru</link>

<file path="admin/view/template/catalog/product_list.tpl">
	<operation info=" button add gp ">
		<search><![CDATA[
		<h1><?php echo $heading_title; ?></h1>
		]]></search>
		<add position="before"><![CDATA[
		<div class="pull-right"><a href="<?php echo $add_gp_bundle; ?>" data-toggle="tooltip" title="<?php echo $button_add; ?>" class="btn btn-primary"><i class="fa fa-plus"></i> комплект</a>&nbsp;</div>
  		]]></add>
	</operation>
	<operation info=" gp filter - getList() ">
		<search><![CDATA[
		<h3 class="panel-title"><i class="fa fa-list"></i> <?php echo $text_list; ?></h3>
		]]></search>
		<add position="after"><![CDATA[
        <?php if (isset($filter_gpt) && $filter_gpt == 'gp_bundle') { ?>
        - <a href="index.php?route=catalog/product&token=<?php echo $token; ?>" style="text-decoration:underline;font-weight:bold;">Комплект</a>
        <?php } else { ?>
        - <a href="index.php?route=catalog/product&token=<?php echo $token; ?>&filter_gpt=gp_bundle">Комплект</a>
        <?php } ?>
		]]></add>
	</operation>
</file>
<file path="admin/controller/catalog/product.php">
	<operation info=" getList() ">
		<search><![CDATA[
		$data['add'] = $this->url->link('catalog/product/add', 'token=' . $this->session->data['token'] . $url, true);
		]]></search>
		<add position="before"><![CDATA[
		$data['add_gp_bundle'] = $this->url->link('catalog/product/add', 'token=' . $this->session->data['token'] . $url . '&is_gp=bundle', true);
  		]]></add>
	</operation>
	<operation info=" getList() ">
		<search><![CDATA[
		$data['products'][] = array(
		]]></search>
		<add position="before"><![CDATA[
		if ($is_gp = $this->model_catalog_product->getGroupedProductBundle($result['product_id'])) {
			$result['name'] .= '<br /> [Комплект]';

			if ($is_gp['gp_price_min']) {
				$result['price'] .= '<br />от: ' . $is_gp['gp_price_min'];
			}

			if ($is_gp['gp_price_max']) {
				$result['price'] .= '<br />до: ' . $is_gp['gp_price_max'];
			}
		}
  		]]></add>
	</operation>
	<operation info=" getForm() ">
		<search><![CDATA[
		protected function getForm() {
		]]></search>
		<add position="after"><![CDATA[
		if (isset($this->request->get['is_gp']) && $this->request->get['is_gp'] == 'bundle' || isset($this->request->post['is_gp']) && $this->request->post['is_gp'] == 'bundle' || isset($this->request->get['product_id']) && $this->model_catalog_product->getGroupedProductBundle($this->request->get['product_id'])) {
			$data['is_gp'] = 'bundle';

			$this->load->language('catalog/gp_bundle');

			$data['tab_gp_data'] = $this->language->get('tab_gp_data');
			$data['column_gp_childs'] = $this->language->get('column_gp_childs');

			$data['column_gp_child_id'] = $this->language->get('column_gp_child_id');
			$data['column_gp_child_name'] = $this->language->get('column_gp_child_name');
			$data['column_gp_child_model'] = $this->language->get('column_gp_child_model');
			$data['column_gp_child_price'] = $this->language->get('column_gp_child_price');
			$data['column_gp_child_sort_order'] = $this->language->get('column_gp_child_sort_order');

			$data['text_gp_min'] = $this->language->get('text_gp_min');
			$data['text_gp_max'] = $this->language->get('text_gp_max');

			$data['entry_gp_template'] = $this->language->get('entry_gp_template');
			$data['entry_gp_price_mask'] = $this->language->get('entry_gp_price_mask');

			$data['help_gp_price_mask'] = $this->language->get('help_gp_price_mask');

			// GP Parent data
			if (isset($this->request->get['product_id'])) {
				$gp_data = $this->model_catalog_product->getGroupedProductBundle($this->request->get['product_id']);
			}

			// GP Parent available layouts
			$data['gp_templates'] = array();
			foreach (glob(DIR_CATALOG . 'view/theme/default/template/product/gp_bundle_*.tpl') as $tpl) {
				$part = explode('_', basename($tpl, '.tpl'));
				$data['gp_templates'][] = array(
					'template' => $part[2],
					'file'     => 'gp_bundle_' . $part[2] . '.tpl'
				);
			}

			if (isset($this->request->post['gp_template'])) {
				$data['gp_template'] = $this->request->post['gp_template'];
			} elseif (isset($this->request->get['product_id'])) {
				$data['gp_template'] = $gp_data['gp_template'];
			} else {
				$data['gp_template'] = 'default';
			}

			if (isset($this->request->post['gp_price_min'])) {
				$data['gp_price_min'] = $this->request->post['gp_price_min'];
			} elseif (isset($this->request->get['product_id'])) {
				$data['gp_price_min'] = $gp_data['gp_price_min'];
			} else {
				$data['gp_price_min'] = '';
			}

			if (isset($this->request->post['gp_price_max'])) {
				$data['gp_price_max'] = $this->request->post['gp_price_max'];
			} elseif (isset($this->request->get['product_id'])) {
				$data['gp_price_max'] = $gp_data['gp_price_max'];
			} else {
				$data['gp_price_max'] = '';
			}

			// GP Options and Childs
			if (isset($this->request->post['gp_child'])) {
				$gps = $this->request->post['gp_child'];
			} elseif (isset($this->request->get['product_id'])) {
				$gps = $this->model_catalog_product->getGroupedProductBundleChilds($this->request->get['product_id']);
			} else {
				$gps = array();
			}

			$data['gps'] = array();

				foreach ($gps as $child_id => $child) {
					$child_info = $this->model_catalog_product->getProduct($child_id);

					if ($child_info) {
						if ($this->model_catalog_product->getProductOptions($child_info['product_id'])) {
							$child_has_options = $this->language->get('text_gp_child_has_options');
						} else {
							$child_has_options = '';
						}

						$child_info_special = false;
						$child_specials = $this->model_catalog_product->getProductSpecials($child_info['product_id']);
						foreach ($child_specials as $child_special) {
							if (($child_special['date_start'] == '0000-00-00' || $child_special['date_start'] < date('Y-m-d')) && ($child_special['date_end'] == '0000-00-00' || $child_special['date_end'] > date('Y-m-d'))) {
								$child_info_special = $child_special['price'];
								break;
							}
						}

						$data['gps'][] = array(
							'child_id'         => $child_info['product_id'],
							'name'             => $child_info['name'] . $child_has_options,
							'model'            => $child_info['model'],
							'price'            => $child_info['price'],
							'special'          => $child_info_special,
							'href' => $this->url->link('catalog/product/edit', 'token=' . $this->session->data['token'] . '&product_id=' . $child_id, true),
							'child_sort_order' => $child['child_sort_order']
						);
					}
				}
		}
  		]]></add>
	</operation>
</file>
<file path="admin/view/template/catalog/product_form.tpl">
	<operation info=" gp tab ">
		<search><![CDATA[
		<li><a href="#tab-data" data-toggle="tab"><?php echo $tab_data; ?></a></li>
		]]></search>
		<add position="after"><![CDATA[
		<?php if (isset($is_gp) && $is_gp == 'bundle') { ?>
		<li><a href="#tab-gp" data-toggle="tab"><?php echo $tab_gp_data; ?></a></li>
		<?php } ?>
  		]]></add>
	</operation>
	<operation info=" gp-tab ">
		<search><![CDATA[
		<div class="tab-pane" id="tab-data">
		]]></search>
		<add position="before"><![CDATA[
		<?php if (isset($is_gp) && $is_gp == 'bundle') { ?>
		<input type="hidden" name="is_gp" value="bundle" />
		
		<div class="tab-pane" id="tab-gp">
			<div class="form-group">
				<label class="col-sm-2 control-label" for=""><?php echo $entry_gp_template; ?></label>
				<div class="col-sm-10">
					<select type="text" name="gp_template" class="form-control">
						<?php foreach ($gp_templates as $value) { ?>
						<?php if ($value['template'] == $gp_template) { ?>
						<option value="<?php echo $value['template']; ?>" selected="selected"><?php echo $value['file']; ?></option>
						<?php } else { ?>
						<option value="<?php echo $value['template']; ?>"><?php echo $value['file']; ?></option>
						<?php } ?>
						<?php } ?>
					</select>
				</div>
			</div>
			<div class="form-group">
				<label class="col-sm-2 control-label" for=""><span data-toggle="tooltip" title="<?php echo $help_gp_price_mask; ?>"><?php echo $entry_gp_price_mask; ?></span></label>
				<div class="col-sm-10"><div class="row">
					<div class="col-sm-6"><div class="input-group">
						<span class="input-group-addon"><?php echo $text_gp_min; ?></span>
						<input type="text" name="gp_price_min" value="<?php echo $gp_price_min; ?>" title="" class="form-control" />
					</div></div>
					<div class="col-sm-6"><div class="input-group">
						<span class="input-group-addon"><?php echo $text_gp_max; ?></span>
						<input type="text" name="gp_price_max" value="<?php echo $gp_price_max; ?>" class="form-control" />
					</div></div>
				</div></div>
			</div>
			<div class="table-responsive">
			<table class="table table-striped table-bordered table-hover">
				<thead>
					<tr class="info">
						<td class="text-left text-nowrap"><?php echo $column_gp_child_id; ?></td>
						<td class="text-left text-nowrap"><?php echo $column_gp_child_name; ?></td>
						<td class="text-left text-nowrap"><?php echo $column_gp_child_model; ?></td>
						<td class="text-left text-nowrap"><?php echo $column_gp_child_price; ?></td>
						<td class="text-left text-nowrap" style="width:1px;"><?php echo $column_gp_child_sort_order; ?></td>
						<td class="text-left text-nowrap"></td>
					</tr>
				</thead>
				<tbody id="gp-rows">
					<?php foreach ($gps as $child) { ?>
					<tr id="gp-row-child-<?php echo $child['child_id']; ?>">
						<td class="text-left"><?php echo $child['child_id']; ?></td>
						<td class="text-left"><a title="edit" onclick="window.open('<?php echo $child['href']; ?>','','width=1200,height=500,top=99');"><?php echo $child['name']; ?></a></td>
						<td class="text-left"><?php echo $child['model']; ?></td>
						<td class="text-left">
							<?php if ((float)$child['special']) { ?>
							<span style="text-decoration:line-through"><?php echo $child['price']; ?></span><br /> <?php echo $child['special']; ?>
							<?php } else { ?>
							<?php echo $child['price']; ?>
							<?php } ?></td>
						<td class="text-left"><input type="text" name="gp_child[<?php echo $child['child_id']; ?>][child_sort_order]" value="<?php echo $child['child_sort_order']; ?>" class="form-control" /></td>
						<td class="text-left"><button type="button" onclick="$(this).tooltip('destroy');$('#gp-row-child-<?php echo $child['child_id']; ?>').remove();" data-toggle="tooltip" title="<?php echo $button_remove; ?>" class="btn btn-danger"><i class="fa fa-minus-circle"></i></button></td>
					</tr>
					<?php } ?>
				</tbody>
				<tfoot>
					<tr>
						<td class="text-left"></td>
						<td class="text-left"><input type="text" name="gpAddChildByName" value="" class="form-control" placeholder="Product Name" /></td>
						<td class="text-left"><input type="text" name="gpAddChildByModel" value="" class="form-control" placeholder="Product Model" /></td>
						<td class="text-left"></td>
						<td class="text-left"></td>
						<td class="text-left"></td>
					</tr>
				</tfoot>
			</table>
			</div>
		</div>
<script type="text/javascript"><!--
$('input[name=\'gpAddChildByName\']').autocomplete({
	'source': function(request, response) {
		$.ajax({
			url: 'index.php?route=catalog/product/autocomplete&token=<?php echo $token; ?>&filter_name=' + encodeURIComponent(request),
			dataType: 'json',
			success: function(json) {
				response($.map(json, function(item) {
					return {
						label: item['name'],
						value: item['product_id'],
						name: item['name'],
						model: item['model'],
						price: item['price']
					}
				}));
			}
		});
	},
	'select': function(item) {
		$('input[name=\'gpAddChildByName\']').val('');

		$('#gp-row-child-' + item['value']).remove();

		html  = '<tr id="gp-row-child-' + item['value'] + '">';
		html += '  <td class="text-left">' + item['value'] + '</td>';
		html += '  <td class="text-left">' + item['name'] + '</td>';
		html += '  <td class="text-left">' + item['model'] + '</td>';
		html += '  <td class="text-left">' + item['price'] + '</td>';
		html += '  <td class="text-left">';
		html += '    <input type="text" name="gp_child[' + item['value'] + '][child_sort_order]" value="" class="form-control" />';
		html += '  </td>';
		html += '  <td class="text-left">';
		html += '    <button type="button" onclick="$(this).tooltip(\'destroy\');$(\'#gp-row-child-' + item['value'] + '\').remove();" data-toggle="tooltip" title="<?php echo $button_remove; ?>" class="btn btn-danger"><i class="fa fa-minus-circle"></i></button>';
		html += '  </td>';
		html += '</tr>';

		$('#gp-rows').append(html);
	}
});

$('input[name=\'gpAddChildByModel\']').autocomplete({
	'source': function(request, response) {
		$.ajax({
			url: 'index.php?route=catalog/product/autocomplete&token=<?php echo $token; ?>&filter_model=' + encodeURIComponent(request),
			dataType: 'json',
			success: function(json) {
				response($.map(json, function(item) {
					return {
						label: item['model'],
						value: item['product_id'],
						name: item['name'],
						model: item['model'],
						price: item['price']
					}
				}));
			}
		});
	},
	'select': function(item) {
		$('input[name=\'gpAddChildByModel\']').val('');

		$('#gp-row-child-' + item['value']).remove();

		html  = '<tr id="gp-row-child-' + item['value'] + '">';
		html += '  <td class="text-left">' + item['value'] + '</td>';
		html += '  <td class="text-left">' + item['name'] + '</td>';
		html += '  <td class="text-left">' + item['model'] + '</td>';
		html += '  <td class="text-left">' + item['price'] + '</td>';
		html += '  <td class="text-left">';
		html += '    <input type="text" name="gp_child[' + item['value'] + '][child_sort_order]" value="" class="form-control" />';
		html += '  </td>';
		html += '  <td class="text-left">';
		html += '    <button type="button" onclick="$(this).tooltip(\'destroy\');$(\'#gp-row-child-' + item['value'] + '\').remove();" data-toggle="tooltip" title="<?php echo $button_remove; ?>" class="btn btn-danger"><i class="fa fa-minus-circle"></i></button>';
		html += '  </td>';
		html += '</tr>';

		$('#gp-rows').append(html);
	}
});
//--></script>
<script type="text/javascript"><!--
$(document).ready(function() {
	// Remove from GP common
	$('#form-group-gp-parent-id').remove();

	// Replace/Remove default
	$('label[for="input-tax-class"]').wrapInner('<span data-toggle="tooltip" title="GP Price Mask. No taxes override."></span>');
	$('[data-toggle=\'tooltip\']').tooltip({container: 'body'});

	$('#input-price, #input-quantity, #input-minimum, #input-subtract, #input-stock-status, input[name="shipping"]').attr('title', 'GP-Useless').css('background', '#ccc');
	$('label[for="input-download"]').parent('div').remove();
	$('a[href="#tab-option"]').parent('li').remove();
	$('#tab-option').remove();
	$('a[href="#tab-recurring"]').parent('li').remove();
	$('#tab-recurring').remove();
	$('a[href="#tab-discount"]').parent('li').remove();
	$('#tab-discount').remove();
	$('a[href="#tab-special"]').parent('li').remove();
	$('#tab-special').remove();
	$('a[href="#tab-reward"]').parent('li').remove();
	//$('#tab-reward').remove();
});
//--></script>
		<?php } ?>
		]]></add>
	</operation>
</file>
<file path="admin/model/catalog/product.php">
	<operation>
		<search><![CDATA[
		public function addProduct($data) {
		]]></search>
		<add position="before"><![CDATA[
			public function insertGroupedProductBundle($product_id, $data) {
				$data_gp_price_min = $data['gp_price_min'] ? $data['gp_price_min'] : 0; //set zero just to prevent error in mask
				$data_gp_price_max = $data['gp_price_max'] ? $data['gp_price_max'] : 0; //set zero just to prevent error in mask

				$this->db->query("INSERT INTO " . DB_PREFIX . "gp_bundle SET product_id = '" . (int)$product_id . "', gp_price_min = '" . $this->db->escape($data_gp_price_min) . "', gp_price_max = '" . $this->db->escape($data_gp_price_max) . "', gp_template = '" . $this->db->escape($data['gp_template']) . "'");

				if (isset($data['gp_child'])) {
					foreach ($data['gp_child'] as $child_id => $child) {
						$this->db->query("INSERT INTO " . DB_PREFIX . "gp_bundle_child SET product_id = '" . (int)$product_id . "', child_id = '" . (int)$child_id . "', child_sort_order = '" . (int)$child['child_sort_order'] . "'");
					}
				}
			}

			// Deleting
			public function deleteGroupedProductBundle($product_id) {
				$this->db->query("DELETE FROM " . DB_PREFIX . "gp_bundle WHERE product_id = '" . (int)$product_id . "'");
				$this->db->query("DELETE FROM " . DB_PREFIX . "gp_bundle_child WHERE product_id = '" . (int)$product_id . "'");
			}

			// Getting
			public function getGroupedProductBundle($product_id) {
				$query = $this->db->query("SELECT * FROM " . DB_PREFIX . "gp_bundle WHERE product_id = '" . (int)$product_id . "'");

				return $query->row;
			}

			public function getGroupedProductBundleChilds($product_id) {
				$child_data = array();

				$query = $this->db->query("SELECT * FROM " . DB_PREFIX . "gp_bundle_child WHERE product_id = '" . (int)$product_id . "' ORDER BY child_sort_order");

				foreach ($query->rows as $result) {
					$child_data[$result['child_id']] = array(
						'child_id'         => $result['child_id'],
						'child_sort_order' => $result['child_sort_order']
					);
				}

				return $child_data;
			}
		]]></add>
	</operation>
	<operation info=" addProduct($data) ">
		<search><![CDATA[
		$product_id = $this->db->getLastId();
		]]></search>
		<add position="after"><![CDATA[
		if (isset($data['is_gp']) && $data['is_gp'] == 'bundle') {
			$this->insertGroupedProductBundle($product_id, $data);
		}
		]]></add>
	</operation>
	<operation info=" editProduct($product_id, $data) ">
		<search><![CDATA[
		public function editProduct($product_id, $data) {
		]]></search>
		<add position="after"><![CDATA[
		if (isset($data['is_gp']) && $data['is_gp'] == 'bundle') {
			$this->deleteGroupedProductBundle($product_id);
			$this->insertGroupedProductBundle($product_id, $data);
		}
		]]></add>
	</operation>
	<operation info=" deleteProduct($product_id) ">
		<search><![CDATA[
		public function deleteProduct($product_id) {
		]]></search>
		<add position="after"><![CDATA[
		$this->deleteGroupedProductBundle($product_id);
		]]></add>
	</operation>
</file>

<file path="admin/controller/catalog/product.php">
	<operation info=" get GP Parent ">
		<search><![CDATA[
		$this->load->model('catalog/manufacturer');
		]]></search>
		<add position="after"><![CDATA[
		$data['entry_gp_parent'] = 'Родительский товар';
		$data['help_gp_parent'] = 'Предотвратите просмотр этого товара, чтобы перейти в Комплект.';

		if (isset($this->request->post['gp_parent_id'])) {
			$data['gp_parent_id'] = $this->request->post['gp_parent_id'];
		} elseif (!empty($product_info)) {
			$data['gp_parent_id'] = $product_info['gp_parent_id'];
		} else {
			$data['gp_parent_id'] = 0;
		}

		if (isset($this->request->post['gp_parent'])) {
			$data['gp_parent'] = $this->request->post['gp_parent'];
		} elseif (!empty($product_info['gp_parent_id'])) {
			$gp_parent_info = $this->model_catalog_product->getProduct($product_info['gp_parent_id']);
			$data['gp_parent'] = $gp_parent_info['name'];
		} else {
			$data['gp_parent'] = '';
		}
		]]></add>
	</operation>
	<operation info=" gp filter - getList() ">
		<search><![CDATA[
		protected function getList() {
		]]></search>
		<add position="after"><![CDATA[
		if (isset($this->request->get['filter_gpt'])) {
			$filter_gpt = $data['filter_gpt'] = $this->request->get['filter_gpt'];
		} else {
			$filter_gpt = null;
		}
		]]></add>
	</operation>
	<operation info=" gp filter - autocomplete() ">
		<search><![CDATA[
		public function autocomplete() {
		]]></search>
		<add position="after"><![CDATA[
		if (isset($this->request->get['filter_gpt'])) {
			$filter_gpt = $this->request->get['filter_gpt'];
		} else {
			$filter_gpt = '';
		}
		]]></add>
	</operation>
	<operation info=" gp filter - getList() - autocomplete() ">
		<search><![CDATA[
		$filter_data = array(
		]]></search>
		<add position="after"><![CDATA[
		'filter_gpt' => $filter_gpt,
		]]></add>
	</operation>
	<operation info=" gp filter ">
		<search><![CDATA[
		$url = '';
		]]></search>
		<add position="after"><![CDATA[
		if (isset($this->request->get['filter_gpt'])) {
			$url .= '&filter_gpt=' . urlencode(html_entity_decode($this->request->get['filter_gpt'], ENT_QUOTES, 'UTF-8'));
		}
		]]></add>
	</operation>
</file>
<file path="admin/model/catalog/product.php">
	<operation info=" addProduct($data) - editProduct($product_id, $data) ">
		<search><![CDATA[
		if (isset($data['image'])) {
		]]></search>
		<add position="before"><![CDATA[
		if (isset($data['gp_parent_id'])) {
			$this->db->query("UPDATE " . DB_PREFIX . "product SET gp_parent_id = '" . (int)$data['gp_parent_id'] . "' WHERE product_id = '" . (int)$product_id . "'");
		}
		]]></add>
	</operation>
	<operation info=" gp filter - getProducts($data = array()) ">
		<search><![CDATA[
			$sql = "SELECT * FROM " . DB_PREFIX . "product p LEFT JOIN " . DB_PREFIX . "product_description pd ON (p.product_id = pd.product_id) WHERE pd.language_id = '" . (int)$this->config->get('config_language_id') . "'";
		]]></search>
		<add position="after"><![CDATA[
		if (!empty($data['filter_gpt'])) {
			$sql = "SELECT * FROM " . DB_PREFIX . $data['filter_gpt'] . " gpt LEFT JOIN " . DB_PREFIX . "product p ON (gpt.product_id = p.product_id) LEFT JOIN " . DB_PREFIX . "product_description pd ON (p.product_id = pd.product_id) WHERE pd.language_id = '" . (int)$this->config->get('config_language_id') . "'";
		}
		]]></add>
	</operation>
	<operation info=" gp filter - getTotalProducts($data = array()) ">
		<search><![CDATA[
		$sql = "SELECT COUNT(DISTINCT p.product_id) AS total FROM " . DB_PREFIX . "product p LEFT JOIN " . DB_PREFIX . "product_description pd ON (p.product_id = pd.product_id)";
		]]></search>
		<add position="after"><![CDATA[
		if (!empty($data['filter_gpt'])) {
			$sql = "SELECT COUNT(DISTINCT gpt.product_id) AS total FROM " . DB_PREFIX . $data['filter_gpt'] . " gpt LEFT JOIN " . DB_PREFIX . "product p ON (gpt.product_id = p.product_id) LEFT JOIN " . DB_PREFIX . "product_description pd ON (p.product_id = pd.product_id)";
		}
		]]></add>
	</operation>
</file>
<file path="admin/view/template/catalog/product_list.tpl">
	<operation info=" gp filter - getList() ">
		<search><![CDATA[
		<h3 class="panel-title"><i class="fa fa-list"></i> <?php echo $text_list; ?></h3>
		]]></search>
		<add position="after"><![CDATA[
		<?php if (isset($filter_gpt)) { ?>
		<input type="hidden" name="filter_gpt" value="<?php echo $filter_gpt; ?>" />
		<?php } else { ?>
		<input type="hidden" name="filter_gpt" value="" />
		<?php } ?>
		]]></add>
	</operation>
	<operation info=" gp filter - getList() ">
		<search><![CDATA[
		var filter_name = $('input[name=\'filter_name\']').val();
		]]></search>
		<add position="after"><![CDATA[
		var filter_gpt = $('input[name=\'filter_gpt\']').val();

		if (filter_name) {
			url += '&filter_gpt=' + encodeURIComponent(filter_gpt);
		}
		]]></add>
	</operation>
</file>
<file path="admin/view/template/catalog/product_form.tpl">
	<operation info=" #form-group-gp-parent-id - will be removed if is gp ">
		<search><![CDATA[
		<div class="tab-pane" id="tab-links">
		]]></search>
		<add position="after"><![CDATA[
		<div class="form-group" id="form-group-gp-parent-id">
			<label class="col-sm-2 control-label" for="input-gp-parent"><span data-toggle="tooltip" title="<?php echo $help_gp_parent; ?>"><?php echo $entry_gp_parent; ?></span></label>
			<div class="col-sm-10">
				<input type="text" name="gp_parent" value="<?php echo $gp_parent ?>" placeholder="<?php echo $entry_gp_parent; ?>" id="input-gp-parent" class="form-control" />
				<input type="hidden" name="gp_parent_id" value="<?php echo $gp_parent_id; ?>" />
			</div>
		</div>
<script type="text/javascript"><!--
$('input[name=\'gp_parent\']').autocomplete({
	'source': function(request, response) {
		$.ajax({
			url: 'index.php?route=catalog/product/autocomplete&token=<?php echo $token; ?>&filter_name=' +  encodeURIComponent(request),
			dataType: 'json',
			success: function(json) {
				json.unshift({
					product_id: 0,
					name: '<?php echo $text_none; ?>'
				});
				
				response($.map(json, function(item) {
					return {
						label: item['name'],
						value: item['product_id']
					}
				}));
			}
		});
	},
	'select': function(item) {
		$('input[name=\'gp_parent\']').val(item['label']);
		$('input[name=\'gp_parent_id\']').val(item['value']);
	}	
});
//--></script>
		]]></add>
	</operation>
</file>
<file path="catalog/model/catalog/product.php">
	<operation info=" getProduct($product_id) ">
		<search><![CDATA[
		=> $query->row['product_id'],
		]]></search>
		<add position="after"><![CDATA[
		'gp_parent_id' => $query->row['gp_parent_id'],
		]]></add>
	</operation>
</file>
<file path="catalog/controller/product/product.php">
	<operation info=" redirect ">
		<search><![CDATA[
		if ($product_info) {
		]]></search>
		<add position="before"><![CDATA[
		if ($product_info && $product_info['gp_parent_id']) {
			$url = '';

			if (isset($this->request->get['path'])) {
				$url .= '&path=' . $this->request->get['path'];
			}

			if (isset($this->request->get['filter'])) {
				$url .= '&filter=' . $this->request->get['filter'];
			}

			if (isset($this->request->get['manufacturer_id'])) {
				$url .= '&manufacturer_id=' . $this->request->get['manufacturer_id'];
			}

			if (isset($this->request->get['search'])) {
				$url .= '&search=' . $this->request->get['search'];
			}

			if (isset($this->request->get['tag'])) {
				$url .= '&tag=' . $this->request->get['tag'];
			}

			if (isset($this->request->get['description'])) {
				$url .= '&description=' . $this->request->get['description'];
			}

			if (isset($this->request->get['category_id'])) {
				$url .= '&category_id=' . $this->request->get['category_id'];
			}

			if (isset($this->request->get['sub_category'])) {
				$url .= '&sub_category=' . $this->request->get['sub_category'];
			}

			if (isset($this->request->get['sort'])) {
				$url .= '&sort=' . $this->request->get['sort'];
			}

			if (isset($this->request->get['order'])) {
				$url .= '&order=' . $this->request->get['order'];
			}

			if (isset($this->request->get['page'])) {
				$url .= '&page=' . $this->request->get['page'];
			}

			if (isset($this->request->get['limit'])) {
				$url .= '&limit=' . $this->request->get['limit'];
			}

			$this->response->redirect($this->url->link('product/product', $url . '&product_id=' . $product_info['gp_parent_id']));
		} else
		]]></add>
	</operation>
</file>

<file path="catalog/model/catalog/product.php">
	<operation>
		<search><![CDATA[
		public function updateViewed($product_id) {
		]]></search>
		<add position="before"><![CDATA[
		public function getGroupedProductBundle($product_id) {
			$query = $this->db->query("SELECT * FROM " . DB_PREFIX . "gp_bundle WHERE product_id = '" . (int)$product_id . "'");

			return $query->row;
		}

		public function getGroupedProductBundleChilds($product_id) {
			$query = $this->db->query("SELECT * FROM " . DB_PREFIX . "gp_bundle_child WHERE product_id = '" . (int)$product_id . "' ORDER BY child_sort_order");

			return $query->rows;
		}
		]]></add>
	</operation>
</file>
<file path="catalog/controller/product/product.php">
	<operation>
		<search><![CDATA[
		public function index() {
		]]></search>
		<add position="before"><![CDATA[
		public function updateGpBundleTotal() {
			$json = array();

			if (($this->config->get('config_customer_price') && $this->customer->isLogged()) || !$this->config->get('config_customer_price')) {
				$tcg_customer_price = true;
			} else {
				$tcg_customer_price = false;
			}

			$total_quantity = 0;
			$total_price = 0;
			$total_tax = 0;

			$this->load->model('catalog/product');

			if (isset($this->request->post['gp_data']['child'])) {
				foreach ($this->request->post['gp_data']['child'] as $child_id => $child_qty) {
					$child_info = $this->model_catalog_product->getProduct($child_id);

					$total_quantity += $child_qty;

					if ($tcg_customer_price) {
						$child_price = ((float)$child_info['special'] ? $child_info['special'] : $child_info['price']);

						foreach ($this->model_catalog_product->getProductOptions($child_id) as $option) {
							if (isset($this->request->post['gp_data']['option'][$child_id][$option['product_option_id']])) {
								$child_option_value_id = $this->request->post['gp_data']['option'][$child_id][$option['product_option_id']];

								foreach ($option['product_option_value'] as $option_value) {
									if (is_array($child_option_value_id)) {
										// Option type checkbox
										foreach ($child_option_value_id as $c_o_v_id) {
											if ($c_o_v_id == $option_value['product_option_value_id']) {
												$child_price += $option_value['price_prefix'] . $option_value['price'];
											}
										}
									} elseif ($child_option_value_id == $option_value['product_option_value_id']) {
										$child_price += $option_value['price_prefix'] . $option_value['price'];
									}
								}
							}
						}

						if ((float)$child_price) {
							$total_price += $child_qty * $this->tax->calculate($child_price, $child_info['tax_class_id'], $this->config->get('config_tax'));
							$total_tax += $child_qty * $child_price;
						}
					}
				}
			}

			$json['total_price'] = $this->currency->format($total_price, $this->session->data['currency']);

			if ($this->config->get('config_tax')) {
				$json['total_tax'] = $this->currency->format($total_tax, $this->session->data['currency']);
			} else {
				$json['total_tax'] = false;
			}

			$json['total_qty'] = $total_quantity;

			$this->response->addHeader('Content-Type: application/json');
			$this->response->setOutput(json_encode($json));
		}
		]]></add>
	</operation>
	<operation>
		<search><![CDATA[
		$data['header'] = $this->load->controller('common/header');
		]]></search>
		<add position="before"><![CDATA[
		if ($is_gp_bundle = $this->model_catalog_product->getGroupedProductBundle($this->request->get['product_id'])) {
			$data['template'] = $template = 'default';

			$this->document->addStyle('catalog/view/theme/' . $template . '/stylesheet/gp_bundle_' . $is_gp_bundle['gp_template'] . '.css');
		}
		]]></add>
	</operation>
	<operation>
		<search><![CDATA[
		$this->response->setOutput($this->load->view('product/product', $data));
		]]></search>
		<add position="before"><![CDATA[
		if ($is_gp_bundle) {
			// Clear default data
			$data['model'] = '';
			$data['text_model'] = '';
			$data['stock'] = '';
			$data['text_stock'] = '';
			$data['reward'] = '';
			$data['text_reward'] = '';
			$data['points'] = '';
			$data['text_points'] = '';
			$data['discounts'] = array();
			$data['price'] = false;

			// GP Configuration
			$gp_image_popup_w = $this->config->get('gp_bundle_image_popup_width');
			$gp_image_popup_h = $this->config->get('gp_bundle_image_popup_height');
			$gp_image_thumb_w = $this->config->get('gp_bundle_image_thumb_width');
			$gp_image_thumb_h = $this->config->get('gp_bundle_image_thumb_height');
			$gp_image_added_w = $this->config->get('gp_bundle_image_added_width');
			$gp_image_added_h = $this->config->get('gp_bundle_image_added_height');
			$gp_image_child_w = $this->config->get('gp_bundle_image_child_width');
			$gp_image_child_h = $this->config->get('gp_bundle_image_child_height');

			$gp_add_child_image = $this->config->get('gp_bundle_add_child_image');
			$gp_add_child_images = $this->config->get('gp_bundle_add_child_images');
			$gp_add_child_description = $this->config->get('gp_bundle_add_child_description');

			if ($product_info['image']) {
				$data['popup'] = $this->model_tool_image->resize($product_info['image'], $gp_image_popup_w, $gp_image_popup_h);
				$data['thumb'] = $this->model_tool_image->resize($product_info['image'], $gp_image_thumb_w, $gp_image_thumb_h);
			}

			if ($gp_image_child_w && $gp_image_child_h) {
				$gp_child_image_col = true;
			} else {
				$gp_child_image_col = false;
			}

			$child_no_image = array(
				'swap' => $this->model_tool_image->resize('no_image.png', $gp_image_thumb_w, $gp_image_thumb_h),
				'popup' => ($gp_child_image_col) ? $this->model_tool_image->resize('no_image.png', $gp_image_popup_w, $gp_image_popup_h) : '',
				'thumb' => ($gp_child_image_col) ? $this->model_tool_image->resize('no_image.png', $gp_image_child_w, $gp_image_child_h) : ''
			);

			if (($this->config->get('config_customer_price') && $this->customer->isLogged()) || !$this->config->get('config_customer_price')) {
				$tcg_customer_price = true;
			} else {
				$tcg_customer_price = false;
			}

			$this->language->load('product/gp_bundle');

			$data['text_gp_no_stock'] = $this->language->get('text_gp_no_stock');
			$data['text_gp_total'] = $this->language->get('text_gp_total');

			$data['gp_child_info'] = array();
			if ($this->config->get('gp_bundle_child_info')) {
				foreach ($this->config->get('gp_bundle_child_info') as $field) {
					$data['gp_child_info'][$field] = $this->language->get('text_gp_child_' . $field);
				}
			}
			$gp_child_attributes = $this->config->get('gp_bundle_child_attribute');

			$data['childs'] = array();
			$product_bundle = $this->model_catalog_product->getGroupedProductBundleChilds($product_id);

				foreach ($product_bundle as $child) {
					$child_info = $this->model_catalog_product->getProduct($child['child_id']);

					if ($child_info) {
						if ($child_info['image']) {
							$child_image = array(
								'swap' => $this->model_tool_image->resize($child_info['image'], $gp_image_thumb_w, $gp_image_thumb_h),
								'popup' => ($gp_child_image_col) ? $this->model_tool_image->resize($child_info['image'], $gp_image_popup_w, $gp_image_popup_h) : '',
								'thumb' => ($gp_child_image_col) ? $this->model_tool_image->resize($child_info['image'], $gp_image_child_w, $gp_image_child_h) : ''
							);
							if ($gp_add_child_image) {
								$data['images'][] = array(
									'popup' => $this->model_tool_image->resize($child_info['image'], $gp_image_popup_w, $gp_image_popup_h),
									'thumb' => $this->model_tool_image->resize($child_info['image'], $gp_image_added_w, $gp_image_added_h),
									'name'  => $child_info['name']
								);
							}
							if ($gp_add_child_images) {
								$results = $this->model_catalog_product->getProductImages($child['child_id']);
								foreach ($results as $result) {
									$data['images'][] = array(
										'popup' => $this->model_tool_image->resize($result['image'], $gp_image_popup_w, $gp_image_popup_h),
										'thumb' => $this->model_tool_image->resize($result['image'], $gp_image_added_w, $gp_image_added_h),
										'name'  => $child_info['name']
									);
								}
							}
						} else {
							$child_image = $child_no_image;
						}

						if ($gp_add_child_description && $child_info['description']) { 
							$data['description'] .= '<ul class="gp-add-child-description"><li>' . $child_info['name'] . '</li><li>' . html_entity_decode($child_info['description'], ENT_QUOTES, 'UTF-8') . '</li></ul>';
						}

						if ($child_info['quantity'] <= 0) {
							$child_info['stock'] = $child_info['stock_status'];
						} elseif ($this->config->get('config_stock_display')) {
							$child_info['stock'] = $child_info['quantity'];
						} else {
							$child_info['stock'] = $this->language->get('text_instock');
						}

						if ($tcg_customer_price) {
							$child_price = $this->currency->format($this->tax->calculate($child_info['price'], $child_info['tax_class_id'], $this->config->get('config_tax')), $this->session->data['currency']);
						} else {
							$child_price = false;
						}

						if ((float)$child_info['special']) {
							$child_special = $this->currency->format($this->tax->calculate($child_info['special'], $child_info['tax_class_id'], $this->config->get('config_tax')), $this->session->data['currency']);
						} else {
							$child_special = false;
						}

						if ($this->config->get('config_tax')) {
							$child_tax = $this->currency->format(((float)$child_info['special'] ? $child_info['special'] : $child_info['price']), $this->session->data['currency']);
						} else {
							$child_tax = false;
						}

						$child_discounts = array(); 

						foreach ($this->model_catalog_product->getProductDiscounts($child_info['product_id']) as $discount) {
							$child_discounts[] = array(
								'quantity' => $discount['quantity'],
								'price'    => $this->currency->format($this->tax->calculate($discount['price'], $child_info['tax_class_id'], $this->config->get('config_tax')), $this->session->data['currency'])
							);
						}

						// Disable button cart
						if ($this->config->get('gp_bundle_child_nocart') && !$this->config->get('config_stock_checkout') && $child_info['quantity'] <= 0) {
							$child_child_nocart = true;
						} else {
							$child_child_nocart = false;
						}

						if ($gp_child_attributes) {
							$child_attributes = $this->model_catalog_product->getProductAttributes($child_info['product_id']);
						} else {
							$child_attributes = array();
						}

						$child_options = array();

						foreach ($this->model_catalog_product->getProductOptions($child['child_id']) as $option) {
							$product_option_value_data = array();

							foreach ($option['product_option_value'] as $option_value) {
								if (!$option_value['subtract'] || ($option_value['quantity'] > 0)) {
									if ($tcg_customer_price && (float)$option_value['price']) {
										$child_option_price = $this->currency->format($this->tax->calculate($option_value['price'], $child_info['tax_class_id'], $this->config->get('config_tax') ? 'P' : false), $this->session->data['currency']);
									} else {
										$child_option_price = false;
									}

									$product_option_value_data[] = array(
										'product_option_value_id' => $option_value['product_option_value_id'],
										'option_value_id'         => $option_value['option_value_id'],
										'name'                    => $option_value['name'],
										'image'                   => $this->model_tool_image->resize($option_value['image'], 50, 50),
										'price'                   => $child_option_price,
										'price_prefix'            => $option_value['price_prefix']
									);
								}
							}

							$child_options[] = array(
								'product_option_id'    => $option['product_option_id'],
								'product_option_value' => $product_option_value_data,
								'option_id'            => $option['option_id'],
								'name'                 => $option['name'],
								'type'                 => $option['type'],
								'value'                => $option['value'],
								'required'             => $option['required']
							);
						}

						$qty_now = '';
						foreach ($this->cart->getProducts() as $gp_cart) {
							if ($child['child_id'] == $gp_cart['product_id']) {
								$qty_now = $gp_cart['quantity'];
							}
						}

						$data['childs'][$child_info['product_id']] = array(
							'child_id'   => $child_info['product_id'],
							'info'       => $child_info,
							'image'      => $child_image,
							'name'       => str_replace($product_info['name'], '', $child_info['name']),
							'attributes' => $child_attributes,
							'price'      => $child_price,
							'special'    => $child_special,
							'tax'        => $child_tax,
							'nocart'     => $child_child_nocart,
							'options'    => $child_options,
							'discounts'  => $child_discounts,
							'qty_now'    => $qty_now
						);
					}
				}

			// Column
			$data['column_gp_image'] = ($gp_child_image_col) ? $this->language->get('column_gp_image') : false;
			$data['column_gp_name'] = $this->language->get('column_gp_name');
			$data['column_gp_price'] = $tcg_customer_price ? $this->language->get('column_gp_price') : false;
			$data['column_gp_option'] = $this->language->get('column_gp_option');
			$data['column_gp_qty'] = $this->language->get('column_gp_qty');

			$this->response->setOutput($this->load->view('product/gp_bundle_' . $is_gp_bundle['gp_template'], $data));
		} else
		]]></add>
	</operation>
</file>
<file path="catalog/controller/checkout/cart.php">
	<operation info=" addGpBundle() - #179 ">
		<search><![CDATA[
		public function add() {
		]]></search>
		<add position="before"><![CDATA[
		public function addGpBundle() {
			$this->load->language('checkout/cart');
			$this->load->language('product/gp_bundle');

			$json = array();

			$child_quantity = 0;

			if (isset($this->request->post['gp_data']['child'])) {
				$this->load->model('catalog/product');

				foreach ($this->request->post['gp_data']['child'] as $child_id => $child_qty) {
					$child_info = $this->model_catalog_product->getProduct($child_id);

					if ($child_info && $child_qty) {
						$child_quantity += $child_qty;

						if (isset($this->request->post['gp_data']['option'][$child_id])) {
							$option = array_filter($this->request->post['gp_data']['option'][$child_id]);
						} else {
							$option = array();
						}

						$child_options = $this->model_catalog_product->getProductOptions($child_id);

						foreach ($child_options as $child_option) {
							if ($child_option['required'] && empty($option[$child_option['product_option_id']])) {
								$json['error']['gp_child_option'][$child_id][$child_option['product_option_id']] = sprintf($this->language->get('error_gp_child_option'), $child_option['name']);
							}
						}

						/*
						if (isset($this->request->post['recurring_id'])) {
							$recurring_id = $this->request->post['recurring_id'];
						} else {
							$recurring_id = 0;
						}

						$recurrings = $this->model_catalog_product->getProfiles($child_id);

						if ($recurrings) {
							$recurring_ids = array();

							foreach ($recurrings as $recurring) {
								$recurring_ids[] = $recurring['recurring_id'];
							}

							if (!in_array($recurring_id, $recurring_ids)) {
								$json['error']['recurring'] = $this->language->get('error_recurring_required');
							}
						}
						*/
					}
				}

				if (!$child_quantity) {
					$json['error']['gp_child_quantity'] = $this->language->get('error_gp_child_quantity');
				}

				if (isset($json['error']['gp_child_option'])) {
					$json['error']['gp_child_options'] = $this->language->get('error_gp_child_options');
				}

				if (!$json) {
					foreach ($this->request->post['gp_data']['child'] as $child_id => $child_qty) {
						if (isset($this->request->post['gp_data']['option'][$child_id])) {
							$option = array_filter($this->request->post['gp_data']['option'][$child_id]);
						} else {
							$option = array();
						}

						$recurring_id = 0;
						$this->cart->add($child_id, $child_qty, $option, $recurring_id);
					}

					$product_info = $this->model_catalog_product->getProduct($this->request->get['product_id']);

					$json['success'] = sprintf($this->language->get('text_success'), $this->url->link('product/product', 'product_id=' . $this->request->get['product_id']), $product_info['name'], $this->url->link('checkout/cart'));

					// Unset all shipping and payment methods
					unset($this->session->data['shipping_method']);
					unset($this->session->data['shipping_methods']);
					unset($this->session->data['payment_method']);
					unset($this->session->data['payment_methods']);

					// Totals
					$this->load->model('extension/extension');

					$totals = array();
					$taxes = $this->cart->getTaxes();
					$total = 0;

					// Because __call can not keep var references so we put them into an array.
					$total_data = array(
						'totals' => &$totals,
						'taxes'  => &$taxes,
						'total'  => &$total
					);

					// Display prices
					if ($this->customer->isLogged() || !$this->config->get('config_customer_price')) {
						$sort_order = array();

						$results = $this->model_extension_extension->getExtensions('total');

						foreach ($results as $key => $value) {
							$sort_order[$key] = $this->config->get($value['code'] . '_sort_order');
						}

						array_multisort($sort_order, SORT_ASC, $results);

						foreach ($results as $result) {
							if ($this->config->get($result['code'] . '_status')) {
								$this->load->model('extension/total/' . $result['code']);

								// We have to put the totals in an array so that they pass by reference.
								$this->{'model_extension_total_' . $result['code']}->getTotal($total_data);
							}
						}

						$sort_order = array();

						foreach ($totals as $key => $value) {
							$sort_order[$key] = $value['sort_order'];
						}

						array_multisort($sort_order, SORT_ASC, $totals);
					}



					$json['total'] = sprintf($this->language->get('text_items'), $this->cart->countProducts() + (isset($this->session->data['vouchers']) ? count($this->session->data['vouchers']) : 0), $this->currency->format($total, $this->session->data['currency']));
				} else {
					$json['redirect'] = str_replace('&amp;', '&', $this->url->link('product/product', 'product_id=' . $this->request->get['product_id']));
				}
			}

			$this->response->addHeader('Content-Type: application/json');
			$this->response->setOutput(json_encode($json));
		}
		]]></add>
	</operation>
	<operation info=" add() - #307 ">
		<search><![CDATA[
		$product_options = $this->model_catalog_product->getProductOptions($this->request->post['product_id']);
		]]></search>
		<add position="after"><![CDATA[
		if ($this->model_catalog_product->getGroupedProductBundle($this->request->post['product_id'])) {
			$json['error']['gp_data'] = true;
		}
		]]></add>
	</operation>
</file>

<file path="catalog/controller/product/product.php">
	<operation info=" related products ">
		<search><![CDATA[
		public function index() {
		]]></search>
		<add position="after"><![CDATA[
		$this->load->language('product/gp_bundle');
		]]></add>
	</operation>
	<operation>
		<search><![CDATA[
		$data['products'][] = array(
		]]></search>
		<add position="before"><![CDATA[
		if ($price && $is_gp = $this->model_catalog_product->getGroupedProductBundle($result['product_id'])) {
			$gp_price_min = $is_gp['gp_price_min'];
			$gp_price_max = $is_gp['gp_price_max'];

			if (strpos($gp_price_min, '#') !== false) {
				$child_info = $this->model_catalog_product->getProduct(substr($gp_price_min,1));
				$gp_price_min = $child_info['special'] ? $child_info['special'] : $child_info['price'];
			}
			if (strpos($gp_price_max, '#') !== false) {
				$child_info = $this->model_catalog_product->getProduct(substr($gp_price_max,1));
				$gp_price_max = $child_info['special'] ? $child_info['special'] : $child_info['price'];
			}

			if ($gp_price_min && $gp_price_max) {
				$price = $this->language->get('text_gp_price_min') . $this->currency->format($this->tax->calculate($gp_price_min, $result['tax_class_id'], $this->config->get('config_tax')), $this->session->data['currency']) . $this->language->get('text_gp_price_max') . $this->currency->format($this->tax->calculate($gp_price_max, $result['tax_class_id'], $this->config->get('config_tax')), $this->session->data['currency']);

				if ($tax) {
					$tax = $this->currency->format($gp_price_min, $this->session->data['currency']) . '/' . $this->currency->format($gp_price_max, $this->session->data['currency']);
				}
			} else {
				$price = $this->language->get('text_gp_price_start') . $this->currency->format($this->tax->calculate($gp_price_min, $result['tax_class_id'], $this->config->get('config_tax')), $this->session->data['currency']);

				if ($tax) {
					$tax = $this->currency->format($gp_price_min, $this->session->data['currency']);
				}
			}
		}
		]]></add>
	</operation>
</file>
<file path="catalog/controller/product/category.php">
	<operation>
		<search><![CDATA[
		public function index() {
		]]></search>
		<add position="after"><![CDATA[
		$this->load->language('product/gp_bundle');
		]]></add>
	</operation>
	<operation>
		<search><![CDATA[
		$data['products'][] = array(
		]]></search>		
		<add position="before"><![CDATA[
		if ($price && $is_gp = $this->model_catalog_product->getGroupedProductBundle($result['product_id'])) {
			$gp_price_min = $is_gp['gp_price_min'];
			$gp_price_max = $is_gp['gp_price_max'];

			if (strpos($gp_price_min, '#') !== false) {
				$child_info = $this->model_catalog_product->getProduct(substr($gp_price_min,1));
				$gp_price_min = $child_info['special'] ? $child_info['special'] : $child_info['price'];
			}
			if (strpos($gp_price_max, '#') !== false) {
				$child_info = $this->model_catalog_product->getProduct(substr($gp_price_max,1));
				$gp_price_max = $child_info['special'] ? $child_info['special'] : $child_info['price'];
			}

			if ($gp_price_min && $gp_price_max) {
				$price = $this->language->get('text_gp_price_min') . $this->currency->format($this->tax->calculate($gp_price_min, $result['tax_class_id'], $this->config->get('config_tax')), $this->session->data['currency']) . $this->language->get('text_gp_price_max') . $this->currency->format($this->tax->calculate($gp_price_max, $result['tax_class_id'], $this->config->get('config_tax')), $this->session->data['currency']);

				if ($tax) {
					$tax = $this->currency->format($gp_price_min, $this->session->data['currency']) . '/' . $this->currency->format($gp_price_max, $this->session->data['currency']);
				}
			} else {
				$price = $this->language->get('text_gp_price_start') . $this->currency->format($this->tax->calculate($gp_price_min, $result['tax_class_id'], $this->config->get('config_tax')), $this->session->data['currency']);

				if ($tax) {
					$tax = $this->currency->format($gp_price_min, $this->session->data['currency']);
				}
			}
		}
		]]></add>
	</operation>
</file>
<file path="catalog/controller/product/manufacturer.php">
	<operation>
		<search><![CDATA[
		public function info() {
		]]></search>
		<add position="after"><![CDATA[
		$this->load->language('product/gp_bundle');
		]]></add>
	</operation>
	<operation>
		<search><![CDATA[
		$data['products'][] = array(
		]]></search>		
		<add position="before"><![CDATA[
		if ($price && $is_gp = $this->model_catalog_product->getGroupedProductBundle($result['product_id'])) {
			$gp_price_min = $is_gp['gp_price_min'];
			$gp_price_max = $is_gp['gp_price_max'];

			if (strpos($gp_price_min, '#') !== false) {
				$child_info = $this->model_catalog_product->getProduct(substr($gp_price_min,1));
				$gp_price_min = $child_info['special'] ? $child_info['special'] : $child_info['price'];
			}
			if (strpos($gp_price_max, '#') !== false) {
				$child_info = $this->model_catalog_product->getProduct(substr($gp_price_max,1));
				$gp_price_max = $child_info['special'] ? $child_info['special'] : $child_info['price'];
			}

			if ($gp_price_min && $gp_price_max) {
				$price = $this->language->get('text_gp_price_min') . $this->currency->format($this->tax->calculate($gp_price_min, $result['tax_class_id'], $this->config->get('config_tax')), $this->session->data['currency']) . $this->language->get('text_gp_price_max') . $this->currency->format($this->tax->calculate($gp_price_max, $result['tax_class_id'], $this->config->get('config_tax')), $this->session->data['currency']);

				if ($tax) {
					$tax = $this->currency->format($gp_price_min, $this->session->data['currency']) . '/' . $this->currency->format($gp_price_max, $this->session->data['currency']);
				}
			} else {
				$price = $this->language->get('text_gp_price_start') . $this->currency->format($this->tax->calculate($gp_price_min, $result['tax_class_id'], $this->config->get('config_tax')), $this->session->data['currency']);

				if ($tax) {
					$tax = $this->currency->format($gp_price_min, $this->session->data['currency']);
				}
			}
		}
		]]></add>
	</operation>
</file>
<file path="catalog/controller/product/search.php">
	<operation>
		<search><![CDATA[
		public function index() {
		]]></search>
		<add position="after"><![CDATA[
		$this->load->language('product/gp_bundle');
		]]></add>
	</operation>
	<operation>
		<search><![CDATA[
		$data['products'][] = array(
		]]></search>		
		<add position="before"><![CDATA[
		if ($price && $is_gp = $this->model_catalog_product->getGroupedProductBundle($result['product_id'])) {
			$gp_price_min = $is_gp['gp_price_min'];
			$gp_price_max = $is_gp['gp_price_max'];

			if (strpos($gp_price_min, '#') !== false) {
				$child_info = $this->model_catalog_product->getProduct(substr($gp_price_min,1));
				$gp_price_min = $child_info['special'] ? $child_info['special'] : $child_info['price'];
			}
			if (strpos($gp_price_max, '#') !== false) {
				$child_info = $this->model_catalog_product->getProduct(substr($gp_price_max,1));
				$gp_price_max = $child_info['special'] ? $child_info['special'] : $child_info['price'];
			}

			if ($gp_price_min && $gp_price_max) {
				$price = $this->language->get('text_gp_price_min') . $this->currency->format($this->tax->calculate($gp_price_min, $result['tax_class_id'], $this->config->get('config_tax')), $this->session->data['currency']) . $this->language->get('text_gp_price_max') . $this->currency->format($this->tax->calculate($gp_price_max, $result['tax_class_id'], $this->config->get('config_tax')), $this->session->data['currency']);

				if ($tax) {
					$tax = $this->currency->format($gp_price_min, $this->session->data['currency']) . '/' . $this->currency->format($gp_price_max, $this->session->data['currency']);
				}
			} else {
				$price = $this->language->get('text_gp_price_start') . $this->currency->format($this->tax->calculate($gp_price_min, $result['tax_class_id'], $this->config->get('config_tax')), $this->session->data['currency']);

				if ($tax) {
					$tax = $this->currency->format($gp_price_min, $this->session->data['currency']);
				}
			}
		}
		]]></add>
	</operation>
</file>
<file path="catalog/controller/product/compare.php">
	<operation>
		<search><![CDATA[
		public function index() {
		]]></search>
		<add position="after"><![CDATA[
		$this->load->language('product/gp_bundle');
		]]></add>
	</operation>
	<operation>
		<search><![CDATA[
		$data['products'][$product_id] = array(
		]]></search>
		<add position="before"><![CDATA[
		if ($price && $is_gp = $this->model_catalog_product->getGroupedProductBundle($product_info['product_id'])) {
			$gp_price_min = $is_gp['gp_price_min'];
			$gp_price_max = $is_gp['gp_price_max'];

			if (strpos($gp_price_min, '#') !== false) {
				$child_info = $this->model_catalog_product->getProduct(substr($gp_price_min,1));
				$gp_price_min = $child_info['special'] ? $child_info['special'] : $child_info['price'];
			}
			if (strpos($gp_price_max, '#') !== false) {
				$child_info = $this->model_catalog_product->getProduct(substr($gp_price_max,1));
				$gp_price_max = $child_info['special'] ? $child_info['special'] : $child_info['price'];
			}

			if ($gp_price_min && $gp_price_max) {
				$price = $this->language->get('text_gp_price_min') . $this->currency->format($this->tax->calculate($gp_price_min, $product_info['tax_class_id'], $this->config->get('config_tax')), $this->session->data['currency']) . $this->language->get('text_gp_price_max') . $this->currency->format($this->tax->calculate($gp_price_max, $product_info['tax_class_id'], $this->config->get('config_tax')), $this->session->data['currency']);
			} else {
				$price = $this->language->get('text_gp_price_start') . $this->currency->format($this->tax->calculate($gp_price_min, $product_info['tax_class_id'], $this->config->get('config_tax')), $this->session->data['currency']);
			}
		}
		]]></add>
	</operation>
</file>
<file path="catalog/controller/module/bestseller.php">
	<operation>
		<search><![CDATA[
		public function index($setting) {
		]]></search>
		<add position="after"><![CDATA[
		$this->load->language('product/gp_bundle');
		]]></add>
	</operation>
	<operation>
		<search><![CDATA[
		$data['products'][] = array(
		]]></search>
		<add position="before"><![CDATA[
		if ($price && $is_gp = $this->model_catalog_product->getGroupedProductBundle($result['product_id'])) {
			$gp_price_min = $is_gp['gp_price_min'];
			$gp_price_max = $is_gp['gp_price_max'];

			if (strpos($gp_price_min, '#') !== false) {
				$child_info = $this->model_catalog_product->getProduct(substr($gp_price_min,1));
				$gp_price_min = $child_info['special'] ? $child_info['special'] : $child_info['price'];
			}
			if (strpos($gp_price_max, '#') !== false) {
				$child_info = $this->model_catalog_product->getProduct(substr($gp_price_max,1));
				$gp_price_max = $child_info['special'] ? $child_info['special'] : $child_info['price'];
			}

			if ($gp_price_min && $gp_price_max) {
				$price = $this->language->get('text_gp_price_min') . $this->currency->format($this->tax->calculate($gp_price_min, $result['tax_class_id'], $this->config->get('config_tax')), $this->session->data['currency']) . $this->language->get('text_gp_price_max') . $this->currency->format($this->tax->calculate($gp_price_max, $result['tax_class_id'], $this->config->get('config_tax')), $this->session->data['currency']);

				if ($tax) {
					$tax = $this->currency->format($gp_price_min, $this->session->data['currency']) . '/' . $this->currency->format($gp_price_max, $this->session->data['currency']);
				}
			} else {
				$price = $this->language->get('text_gp_price_start') . $this->currency->format($this->tax->calculate($gp_price_min, $result['tax_class_id'], $this->config->get('config_tax')), $this->session->data['currency']);

				if ($tax) {
					$tax = $this->currency->format($gp_price_min, $this->session->data['currency']);
				}
			}
		}
		]]></add>
	</operation>
</file>
<file path="catalog/controller/module/featured.php">
	<operation>
		<search><![CDATA[
		public function index($setting) {
		]]></search>
		<add position="after"><![CDATA[
		$this->load->language('product/gp_bundle');
		]]></add>
	</operation>
	<operation>
		<search><![CDATA[
		$data['products'][] = array(
		]]></search>
		<add position="before"><![CDATA[
		if ($price && $is_gp = $this->model_catalog_product->getGroupedProductBundle($product_info['product_id'])) {
			$gp_price_min = $is_gp['gp_price_min'];
			$gp_price_max = $is_gp['gp_price_max'];

			if (strpos($gp_price_min, '#') !== false) {
				$child_info = $this->model_catalog_product->getProduct(substr($gp_price_min,1));
				$gp_price_min = $child_info['special'] ? $child_info['special'] : $child_info['price'];
			}
			if (strpos($gp_price_max, '#') !== false) {
				$child_info = $this->model_catalog_product->getProduct(substr($gp_price_max,1));
				$gp_price_max = $child_info['special'] ? $child_info['special'] : $child_info['price'];
			}

			if ($gp_price_min && $gp_price_max) {
				$price = $this->language->get('text_gp_price_min') . $this->currency->format($this->tax->calculate($gp_price_min, $product_info['tax_class_id'], $this->config->get('config_tax')), $this->session->data['currency']) . $this->language->get('text_gp_price_max') . $this->currency->format($this->tax->calculate($gp_price_max, $product_info['tax_class_id'], $this->config->get('config_tax')), $this->session->data['currency']);
			} else {
				$price = $this->language->get('text_gp_price_start') . $this->currency->format($this->tax->calculate($gp_price_min, $product_info['tax_class_id'], $this->config->get('config_tax')), $this->session->data['currency']);
			}
		}
		]]></add>
	</operation>
</file>
<file path="catalog/controller/module/latest.php">
	<operation>
		<search><![CDATA[
		public function index($setting) {
		]]></search>
		<add position="after"><![CDATA[
		$this->load->language('product/gp_bundle');
		]]></add>
	</operation>
	<operation>
		<search><![CDATA[
		$data['products'][] = array(
		]]></search>
		<add position="before"><![CDATA[
		if ($price && $is_gp = $this->model_catalog_product->getGroupedProductBundle($result['product_id'])) {
			$gp_price_min = $is_gp['gp_price_min'];
			$gp_price_max = $is_gp['gp_price_max'];

			if (strpos($gp_price_min, '#') !== false) {
				$child_info = $this->model_catalog_product->getProduct(substr($gp_price_min,1));
				$gp_price_min = $child_info['special'] ? $child_info['special'] : $child_info['price'];
			}
			if (strpos($gp_price_max, '#') !== false) {
				$child_info = $this->model_catalog_product->getProduct(substr($gp_price_max,1));
				$gp_price_max = $child_info['special'] ? $child_info['special'] : $child_info['price'];
			}

			if ($gp_price_min && $gp_price_max) {
				$price = $this->language->get('text_gp_price_min') . $this->currency->format($this->tax->calculate($gp_price_min, $result['tax_class_id'], $this->config->get('config_tax')), $this->session->data['currency']) . $this->language->get('text_gp_price_max') . $this->currency->format($this->tax->calculate($gp_price_max, $result['tax_class_id'], $this->config->get('config_tax')), $this->session->data['currency']);

				if ($tax) {
					$tax = $this->currency->format($gp_price_min, $this->session->data['currency']) . '/' . $this->currency->format($gp_price_max, $this->session->data['currency']);
				}
			} else {
				$price = $this->language->get('text_gp_price_start') . $this->currency->format($this->tax->calculate($gp_price_min, $result['tax_class_id'], $this->config->get('config_tax')), $this->session->data['currency']);

				if ($tax) {
					$tax = $this->currency->format($gp_price_min, $this->session->data['currency']);
				}
			}
		}
		]]></add>
	</operation>
</file>
<file path="catalog/controller/account/wishlist.php">
	<operation>
		<search><![CDATA[
		public function index() {
		]]></search>
		<add position="after"><![CDATA[
		$this->load->language('product/gp_bundle');
		]]></add>
	</operation>
	<operation>
		<search><![CDATA[
		$data['products'][] = array(
		]]></search>
		<add position="before"><![CDATA[
		if ($price && $is_gp = $this->model_catalog_product->getGroupedProductBundle($product_info['product_id'])) {
			$gp_price_min = $is_gp['gp_price_min'];
			$gp_price_max = $is_gp['gp_price_max'];

			if (strpos($gp_price_min, '#') !== false) {
				$child_info = $this->model_catalog_product->getProduct(substr($gp_price_min,1));
				$gp_price_min = $child_info['special'] ? $child_info['special'] : $child_info['price'];
			}
			if (strpos($gp_price_max, '#') !== false) {
				$child_info = $this->model_catalog_product->getProduct(substr($gp_price_max,1));
				$gp_price_max = $child_info['special'] ? $child_info['special'] : $child_info['price'];
			}

			if ($gp_price_min && $gp_price_max) {
				$price = $this->language->get('text_gp_price_min') . $this->currency->format($this->tax->calculate($gp_price_min, $product_info['tax_class_id'], $this->config->get('config_tax')), $this->session->data['currency']) . $this->language->get('text_gp_price_max') . $this->currency->format($this->tax->calculate($gp_price_max, $product_info['tax_class_id'], $this->config->get('config_tax')), $this->session->data['currency']);
			} else {
				$price = $this->language->get('text_gp_price_start') . $this->currency->format($this->tax->calculate($gp_price_min, $product_info['tax_class_id'], $this->config->get('config_tax')), $this->session->data['currency']);
			}
		}
		]]></add>
	</operation>
</file>
</modification>