<?xml version="1.0" encoding="UTF-8"?>
<modification>
    <name>Mega Filter PRO</name>
    <version>1.0</version>
    <author>marsilea15@gmail.com</author>
    <link>mailto:info@ocdemo.eu</link>
	<code>Mega Filter PRO</code>
	
	<!-- Column Left, Column Right, Content Top, Content Bottom -->
	<file path="catalog/controller/common/column_left.php">
		<!-- v2.0.0.0 -->
		<!--<operation error="skip">
			<search><![CDATA[if (isset($part[1]) && isset($setting[$part[1]])) {]]></search>
			<add position="replace"><![CDATA[
				if( $code == 'mega_filter' ) {
					$setting['_idx'] = $part[1];
					$setting['position'] = $module['position'];
				
					if( NULL != ( $mfp = $this->load->controller('module/' . $code, $setting) ) ) {
						$data['modules'][] = $mfp;
					}
				} else if (isset($part[1]) && isset($setting[$part[1]])) {
			]]></add>
		</operation>-->
		<!-- v2.0.1.0 -->
		<operation error="skip">
			<search><![CDATA[if (isset($part[0]) && $this->config->get($part[0] . '_status')) {]]></search>
			<add position="replace"><![CDATA[
				if( $part[0] == 'mega_filter' ) {
					if( ! isset( $part[1] ) ) {
						continue;
					}
				
					$mfp_setting = $this->config->get($part[0] . '_module');
					$mfp_setting['_idx'] = $part[1];
					$mfp_setting['position'] = $module['position'];
				
					if( NULL != ( $mfp = $this->load->controller('module/' . $part[0], $mfp_setting) ) ) {
						$data['modules'][] = $mfp;
					}
				} else if (isset($part[0]) && $this->config->get($part[0] . '_status')) {
			]]></add>
		</operation>
	</file>
	<file path="catalog/controller/common/column_right.php">
		<!-- v2.0.1.0 -->
		<operation error="skip">
			<search><![CDATA[if (isset($part[0]) && $this->config->get($part[0] . '_status')) {]]></search>
			<add position="replace"><![CDATA[
				if( $part[0] == 'mega_filter' ) {
					if( ! isset( $part[1] ) ) {
						continue;
					}
				
					$mfp_setting = $this->config->get($part[0] . '_module');
					$mfp_setting['_idx'] = $part[1];
					$mfp_setting['position'] = $module['position'];
				
					if( NULL != ( $mfp = $this->load->controller('module/' . $part[0], $mfp_setting) ) ) {
						$data['modules'][] = $mfp;
					}
				} else if (isset($part[0]) && $this->config->get($part[0] . '_status')) {
			]]></add>
		</operation>
	</file>
	<file path="catalog/controller/common/content_top.php">
		<!-- v2.0.1.0 -->
		<operation error="skip">
			<search><![CDATA[if (isset($part[0]) && $this->config->get($part[0] . '_status')) {]]></search>
			<add position="replace"><![CDATA[
				if( $part[0] == 'mega_filter' ) {
					if( ! isset( $part[1] ) ) {
						continue;
					}
				
					$mfp_setting = $this->config->get($part[0] . '_module');
					$mfp_setting['_idx'] = $part[1];
					$mfp_setting['position'] = $module['position'];
				
					if( NULL != ( $mfp = $this->load->controller('module/' . $part[0], $mfp_setting) ) ) {
						$data['modules'][] = $mfp;
					}
				} else if (isset($part[0]) && $this->config->get($part[0] . '_status')) {
			]]></add>
		</operation>
	</file>
	
	<!-- /////////////////////////////////////////////////////////////////// -->
	
	<file path="catalog/controller/common/header.php">
		<operation error="skip">
			<search><![CDATA['filter_sub_category' => true]]></search>
			<add position="replace"><![CDATA[				
				'filter_sub_category' => true,
				'mfp_disabled' => true
			]]></add>
		</operation>
	</file>
	<file path="catalog/controller/module/category.php" error="skip">
		<operation error="skip">
			<search><![CDATA['filter_sub_category' => true]]></search>
			<add position="replace"><![CDATA[				
				'filter_sub_category' => true,
				'mfp_disabled' => true
			]]></add>
		</operation>
	</file>
	<file path="catalog/controller/extension/module/category.php" error="skip">
		<operation error="skip">
			<search><![CDATA['filter_sub_category' => true]]></search>
			<add position="replace"><![CDATA[				
				'filter_sub_category' => true,
				'mfp_disabled' => true
			]]></add>
		</operation>
	</file>
	
	<!-- /////////////////////////////////////////////////////////////////// -->
	
	<!-- Layout -->
	<file path="admin/controller/design/layout.php">
		<operation>
			<search><![CDATA[foreach ($extensions as $code) {]]></search>
			<add position="after"><![CDATA[				
				if( $code == 'mega_filter' ) continue;
			]]></add>
		</operation>
		<operation>
			<search><![CDATA[$this->response->setOutput(]]></search>
			<add position="before"><![CDATA[
				if( __FUNCTION__ == 'getForm' && isset( $data['layout_modules'] ) ) {
					foreach( $data['layout_modules'] as $mfp_k => $mfp_v ) {
						if( strpos( $mfp_v['code'], 'mega_filter' ) === 0 ) {
							unset( $data['layout_modules'][$mfp_k] );
						}
					}
				}
			]]></add>
		</operation>
	</file>
	
	<!-- /////////////////////////////////////////////////////////////////// -->
	
	<file path="admin/model/design/layout.php">
		<operation error="skip">
			<search><![CDATA[$this->db->query("DELETE FROM " . DB_PREFIX . "layout_module WHERE layout_id = '" . (int)$layout_id . "'");]]></search>
			<add position="replace"><![CDATA[$this->db->query("DELETE FROM " . DB_PREFIX . "layout_module WHERE layout_id = '" . (int)$layout_id . "' AND `code` NOT REGEXP '^mega_filter'");]]></add>
		</operation>
	</file>
	
	<!-- /////////////////////////////////////////////////////////////////// -->
	
	<!-- Controller -->
	<file path="system/engine/controller.php">
		<operation>
			<search><![CDATA[$this->registry = $registry;]]></search>
			<add position="after"><![CDATA[
				if( ! empty( $this->request->get['mfp'] ) && ! $this->config->get('mfp_path_was_verificed') && isset( $this->request->get['route'] ) ) {
					preg_match( '/path\[([^]]*)\]/', $this->request->get['mfp'], $mf_matches );
								
					if( class_exists( 'VQMod' ) ) {
						require_once VQMod::modCheck( modification( DIR_SYSTEM . '../catalog/model/module/mega_filter.php' ) );
					} else {
						require_once modification( DIR_SYSTEM . '../catalog/model/module/mega_filter.php' );
					}
				
					if( empty( $mf_matches[1] ) ) {
						preg_match( '#path,([^/]+)#', $this->request->get['mfp'], $mf_matches );
				
						if( ! empty( $mf_matches[1] ) ) {				
							if( class_exists( 'MegaFilterCore' ) ) {
								$mf_matches[1] = MegaFilterCore::__parsePath( $this, $mf_matches[1] );
							}
						}
					} else if( class_exists( 'MegaFilterCore' ) ) {
						$mf_matches[1] = MegaFilterCore::__parsePath( $this, $mf_matches[1] );
					}

					if( ! empty( $mf_matches[1] ) ) {
						if( empty( $this->request->get['mfilterAjax'] ) && ! empty( $this->request->get['path'] ) && $this->request->get['path'] != $mf_matches[1] ) {
							$this->request->get['mfp_org_path'] = $this->request->get['path'];
				
							if( 0 === ( $mf_strpos = strpos( $this->request->get['mfp_org_path'], $mf_matches[1] . '_' ) ) ) {
								$this->request->get['mfp_org_path'] = substr( $this->request->get['mfp_org_path'], $mf_strpos+strlen($mf_matches[1])+1 );
							}
						} else {
							$this->request->get['mfp_org_path'] = '';
						}
				
						//$this->request->get['path'] = $mf_matches[1];
						$this->request->get['mfp_path'] = $mf_matches[1];

						if( isset( $this->request->get['category_id'] ) || ( isset( $this->request->get['route'] ) && in_array( $this->request->get['route'], array( 'product/search', 'product/special', 'product/manufacturer/info' ) ) ) ) {
							$mf_matches = explode( '_', $mf_matches[1] );
							$this->request->get['category_id'] = end( $mf_matches );
						}
					}
				
					unset( $mf_matches );
				
					if( method_exists( $this->config, 'set' ) ) {
						$this->config->set('mfp_path_was_verificed', true);
					}
				}
			]]></add>
		</operation>
	</file>
	
	<!-- /////////////////////////////////////////////////////////////////// -->
	
	<file path="catalog/controller/product/special.php">
		<operation>
			<search><![CDATA[$product_total = $this->model_catalog_product->getTotalProductSpecials();]]></search>
			<add position="before"><![CDATA[
				if( isset( $this->request->get['category_id'] ) ) {
					$filter_data['filter_category_id'] = (int) $this->request->get['category_id'];
				}
			]]></add>
		</operation>
	</file>
	
	<!-- /////////////////////////////////////////////////////////////////// -->
	
	<!-- SEO -->
	<file path="catalog/controller/common/seo_mega_pack_pro_url.php" error="skip">
		<operation error="log">
			<search><![CDATA[unset( $url_data['route'] );]]></search>
			<add position="before"><![CDATA[
				if( ! isset( $this->model_module_mega_filter ) ) {
					$this->load->model( 'module/mega_filter' );
				}
				
				if( method_exists( $this->model_module_mega_filter, 'rewrite' ) ) {
					list( $url, $url_data ) = $this->model_module_mega_filter->rewrite( $url, $url_data );
				}
			]]></add>
		</operation>
	</file>
	<file path="catalog/controller/common/seo_url.php" error="skip">
		<operation error="log">
			<search><![CDATA[unset($data['route']);]]></search>
			<add position="before"><![CDATA[
				if( ! isset( $this->model_module_mega_filter ) ) {
					$this->load->model( 'module/mega_filter' );
				}
				
				if( method_exists( $this->model_module_mega_filter, 'rewrite' ) ) {
					list( $url, $data ) = $this->model_module_mega_filter->rewrite( $url, $data );
				}
			]]></add>
		</operation>
	</file>
	<file path="catalog/controller/startup/seo_url.php" error="skip">
		<operation error="log">
			<search><![CDATA[unset($data['route']);]]></search>
			<add position="before"><![CDATA[
				if( ! isset( $this->model_module_mega_filter ) ) {
					$this->load->model( 'module/mega_filter' );
				}
				
				if( method_exists( $this->model_module_mega_filter, 'rewrite' ) ) {
					list( $url, $data ) = $this->model_module_mega_filter->rewrite( $url, $data );
				}
			]]></add>
		</operation>
	</file>
	
	<file path="catalog/controller/common/seo_url.php" error="skip">
		<operation error="log">
			<search><![CDATA[$query = $this->db->query("SELECT * FROM " . DB_PREFIX . "url_alias WHERE keyword = '" . $this->db->escape($part) . "'");]]></search>
			<add position="after"><![CDATA[
				$mfilterConfig = $this->config->get( 'mega_filter_seo' );
				
				if( ! empty( $mfilterConfig['enabled'] ) && ! $query->num_rows ) {
					$mfilter_query = $this->db->query( "SELECT * FROM `" . DB_PREFIX . "mfilter_url_alias` WHERE `alias` = '" . $this->db->escape( $part ) . "'");
				
					if( $mfilter_query->num_rows ) {
						if( ! isset( $this->request->get['mfp'] ) ) {
							$this->request->get['mfp'] = $mfilter_query->row['mfp'];
						}
						$this->request->get['mfp_seo_alias'] = $part;
				
						continue;
					}
				}				
			]]></add>
		</operation>
		<operation error="log">
			<search regex="true"><![CDATA[~foreach *\( *\$parts as \$part *\) \{~]]></search>
			<add position="replace"><![CDATA[
				$mfilterConfig = $this->config->get( 'mega_filter_seo' );

				if( ! empty( $mfilterConfig['enabled'] ) ) {
					$this->load->model( 'module/mega_filter' );
				
					if( class_exists( 'MegaFilterCore' ) ) {
						$parts = MegaFilterCore::prepareSeoParts( $this, $parts );
					}
				}
				
				foreach ($parts as $part) {				
					if( ! empty( $mfilterConfig['enabled'] ) && class_exists( 'MegaFilterCore' ) && MegaFilterCore::prepareSeoPart( $this, $part ) ) {
						continue;
					}
			]]></add>
		</operation>
	</file>
	<file path="catalog/controller/common/seo_mega_pack_pro_url.php" error="skip">
		<operation error="log">
			<search><![CDATA[$query = $this->db->query("SELECT * FROM " . DB_PREFIX . "url_alias WHERE keyword = '" . $this->db->escape($part) . "'");]]></search>
			<add position="after"><![CDATA[
				$mfilterConfig = $this->config->get( 'mega_filter_seo' );
				
				if( ! empty( $mfilterConfig['enabled'] ) && ! $query->num_rows ) {
					$mfilter_query = $this->db->query( "SELECT * FROM `" . DB_PREFIX . "mfilter_url_alias` WHERE `alias` = '" . $this->db->escape( $part ) . "'");
				
					if( $mfilter_query->num_rows ) {
						if( ! isset( $this->request->get['mfp'] ) ) {
							$this->request->get['mfp'] = $mfilter_query->row['mfp'];
						}
						$this->request->get['mfp_seo_alias'] = $part;
				
						continue;
					}
				}				
			]]></add>
		</operation>
		<operation error="log">
			<search regex="true"><![CDATA[~foreach *\( *\$parts as \$part *\) \{~]]></search>
			<add position="replace"><![CDATA[
				$mfilterConfig = $this->config->get( 'mega_filter_seo' );

				if( ! empty( $mfilterConfig['enabled'] ) ) {
					$this->load->model( 'module/mega_filter' );
				
					if( class_exists( 'MegaFilterCore' ) ) {
						$parts = MegaFilterCore::prepareSeoParts( $this, $parts );
					}
				}
				
				foreach ($parts as $part) {				
					if( ! empty( $mfilterConfig['enabled'] ) && class_exists( 'MegaFilterCore' ) && MegaFilterCore::prepareSeoPart( $this, $part ) ) {
						continue;
					}
			]]></add>
		</operation>
	</file>
	<file path="catalog/controller/startup/seo_url.php" error="skip">
		<operation error="log">
			<search><![CDATA[$query = $this->db->query("SELECT * FROM " . DB_PREFIX . "url_alias WHERE keyword = '" . $this->db->escape($part) . "'");]]></search>
			<add position="after"><![CDATA[
				$mfilterConfig = $this->config->get( 'mega_filter_seo' );
				
				if( ! empty( $mfilterConfig['enabled'] ) && ! $query->num_rows ) {
					$mfilter_query = $this->db->query( "SELECT * FROM `" . DB_PREFIX . "mfilter_url_alias` WHERE `alias` = '" . $this->db->escape( $part ) . "'");
				
					if( $mfilter_query->num_rows ) {
						if( ! isset( $this->request->get['mfp'] ) ) {
							$this->request->get['mfp'] = $mfilter_query->row['mfp'];
						}
						$this->request->get['mfp_seo_alias'] = $part;
				
						continue;
					}
				}				
			]]></add>
		</operation>
		<operation error="log">
			<search regex="true"><![CDATA[~foreach *\( *\$parts as \$part *\) \{~]]></search>
			<add position="replace"><![CDATA[
				$mfilterConfig = $this->config->get( 'mega_filter_seo' );

				if( ! empty( $mfilterConfig['enabled'] ) ) {
					$this->load->model( 'module/mega_filter' );
				
					if( class_exists( 'MegaFilterCore' ) ) {
						$parts = MegaFilterCore::prepareSeoParts( $this, $parts );
					}
				}
				
				foreach ($parts as $part) {				
					if( ! empty( $mfilterConfig['enabled'] ) && class_exists( 'MegaFilterCore' ) && MegaFilterCore::prepareSeoPart( $this, $part ) ) {
						continue;
					}
			]]></add>
		</operation>
	</file>
	
	<!-- /////////////////////////////////////////////////////////////////// -->
	
	<file path="catalog/controller/common/seo_pro.php" error="skip">
		<operation>
			<search><![CDATA[if (rawurldecode($url) != rawurldecode($seo)) {]]></search>
			<add position="replace"><![CDATA[if (rawurldecode($url) != rawurldecode($seo) && strpos($url,'mfp=')===false) {]]></add>
		</operation>
		<operation>
			<search><![CDATA[$this->request->get['route'] = 'product/category';]]></search>
			<add position="replace"><![CDATA[
				if( empty( $this->request->get['route'] ) || strpos( $this->request->get['route'], 'module/mega_filter' ) === false ) {
					if( isset( $queries[$parts[0]] ) && strpos( $queries[$parts[0]], '/' ) !== false ) {
						$this->request->get['route'] = $queries[$parts[0]];
					} else {
						if( ! empty( $this->request->get['mfp'] ) ) {
							preg_match( '/path\[([^]]*)\]/', $this->request->get['mfp'], $mf_matches );

							if( empty( $mf_matches[1] ) ) {
								preg_match( '#path,([^/]+)#', $this->request->get['mfp'], $mf_matches );
							}

							if( ! empty( $mf_matches[1] ) && isset( $this->request->get['manufacturer_id'] ) ) {
								$this->request->get['route'] = 'product/manufacturer/info';
							} else {
								$this->request->get['route'] = 'product/category';
							}
						} else {
							$this->request->get['route'] = 'product/category';
						}
					}
				}
			]]></add>
		</operation>
		<operation>
			<search><![CDATA[private function validate() {]]></search>
			<add position="after"><![CDATA[
				if( isset( $this->request->get['route'] ) && strpos( $this->request->get['route'], 'module/mega_filter' ) !== false ) {
					return;
				}
				
				if( isset( $this->request->get['mfp'] ) ) {
					return;
				}
			]]></add>
		</operation>
		<operation>
			<search><![CDATA[private $cache_data = null;]]></search>
			<add position="after"><![CDATA[
				private $cache_data_mfp = null;
			]]></add>
		</operation>
		<operation>
			<search><![CDATA[$this->cache_data = $this->cache->get('seo_pro');]]></search>
			<add position="after"><![CDATA[
				$mfilterConfig = $this->config->get( 'mega_filter_seo' );
				
				if( ! empty( $mfilterConfig['enabled'] ) ) {
					$this->cache_data_mfp = $this->cache->get('seo_pro_mfp.'.$this->config->get('store_id'));
					
					$mfilter_query = $this->db->query( "SELECT * FROM `" . DB_PREFIX . "mfilter_url_alias`");
					
					foreach ($mfilter_query->rows as $row) {
						$this->cache_data_mfp[mb_strtolower($row['alias'],'utf8')] = $row['mfp'];
					}
					
					$this->cache->set('seo_pro_mfp.'.$this->config->get('store_id'), $this->cache_data_mfp);
				}				
			]]></add>
		</operation>
		<operation>
			<search><![CDATA[$parts = explode(]]></search>
			<add position="after"><![CDATA[
				$mfp_oparts = explode('/', trim(isset($_GET['_route_'])?$_GET['_route_']:(isset($route_)?$route_:$route), '/'));

				if( ! empty( $mfilterConfig['enabled'] ) ) {
					$this->load->model( 'module/mega_filter' );
				
					if( class_exists( 'MegaFilterCore' ) ) {
						$parts = MegaFilterCore::prepareSeoParts( $this, $mfp_oparts );
					}
				}
			]]></add>
		</operation>
		<operation>
			<search><![CDATA[foreach ($parts as $keyword) {]]></search>
			<add position="replace"><![CDATA[
				$mfp_parts = array();
				$mfp_key = 0;
				
				foreach ($parts as $keyword) {
					if( ! empty( $mfilterConfig['enabled'] ) ) {
						if( class_exists( 'MegaFilterCore' ) && MegaFilterCore::prepareSeoPart( $this, $keyword ) ) {
							continue;
						} else {
							$mfp_parts[] = $keyword;
						}
					} else {
						$mfp_parts[] = $keyword;
					}
				
					$mfp_key++;
			]]></add>
		</operation>
		<operation>
			<search><![CDATA[if (count($rows) == sizeof($parts)) {]]></search>
			<add position="before"><![CDATA[
				$parts = $mfp_parts;
				
				foreach( $parts as $k => $part ) {
					if( isset( $this->cache_data_mfp[$part] ) ) {
						$this->request->get['mfp'] = $this->cache_data_mfp[$part];
						$rows[] = array('keyword' => $part, 'query' => 'mfp='.$this->cache_data_mfp[$part]);
						$this->request->get['mfp_seo_alias'] = $part;
					}
				}
			]]></add>
		</operation>
		<operation>
			<search><![CDATA[function index() {]]></search>
			<add position="after"><![CDATA[
				$mfilterConfig = $this->config->get( 'mega_filter_seo' );
			]]></add>
		</operation>
	</file>
	
	<!-- /////////////////////////////////////////////////////////////////// -->
	
	<file path="catalog/model/catalog/product.php">
		<operation>
			<search><![CDATA[$query = $this->db->query($sql);]]></search>
			<add position="before"><![CDATA[
				if( in_array( __FUNCTION__, array( 'getProducts', 'getTotalProducts', 'getProductSpecials', 'getTotalProductSpecials' ) ) ) {					
					if( ! empty( $this->request->get['mfp'] ) || ( NULL != ( $mfSettings = $this->config->get('mega_filter_settings') ) && ! empty( $mfSettings['in_stock_default_selected'] ) ) ) {
						if( empty( $data['mfp_disabled'] ) ) {
							$this->load->model( 'module/mega_filter' );
					
							if( class_exists( 'MegaFilterCore' ) ) {
								$sql = MegaFilterCore::newInstance( $this, $sql, $data )->getSQL( __FUNCTION__ );
							}
						}
					}
				}
			]]></add>
		</operation>
		<operation error="skip">
			<search><![CDATA[$query = $this->db->query("SELECT COUNT(DISTINCT ps.product_id) AS total FROM " . DB_PREFIX . "product_special]]></search>
			<add position="replace"><![CDATA[$sql = ("SELECT COUNT(DISTINCT ps.product_id) AS total FROM " . DB_PREFIX . "product_special]]></add>
		</operation>
		<operation error="skip">
			<search><![CDATA[$sql = ("SELECT COUNT(DISTINCT ps.product_id) AS total FROM " . DB_PREFIX . "product_special]]></search>
			<add position="after"><![CDATA[
				if( ! empty( $this->request->get['mfp'] ) || ( NULL != ( $mfSettings = $this->config->get('mega_filter_settings') ) && ! empty( $mfSettings['in_stock_default_selected'] ) ) ) {
					$this->load->model( 'module/mega_filter' );
					
					if( class_exists( 'MegaFilterCore' ) ) {
						$sql = MegaFilterCore::newInstance( $this, $sql, isset( $data ) ? $data : array() )->getSQL( __FUNCTION__ );
					}
				}
				
				$query = $this->db->query( $sql );
			]]></add>
		</operation>
	</file>
	
	<!-- /////////////////////////////////////////////////////////////////// -->
	
	<file path="catalog/controller/product/category.php">
		<operation>
			<search><![CDATA[$product_total = $this->model_catalog_product->getTotalProducts($filter_data);]]></search>
			<add position="before"><![CDATA[
				$fmSettings = $this->config->get('mega_filter_settings');
		
				if( ! empty( $fmSettings['show_products_from_subcategories'] ) ) {
					if( ! empty( $fmSettings['level_products_from_subcategories'] ) ) {
						$fmLevel = (int) $fmSettings['level_products_from_subcategories'];
						$fmPath = explode( '_', empty( $this->request->get['path'] ) ? '' : $this->request->get['path'] );

						if( $fmPath && count( $fmPath ) >= $fmLevel ) {
							$filter_data['filter_sub_category'] = '1';
						}
					} else {
						$filter_data['filter_sub_category'] = '1';
					}
				}
				
				if( ! empty( $this->request->get['manufacturer_id'] ) ) {
					$filter_data['filter_manufacturer_id'] = (int) $this->request->get['manufacturer_id'];
				}
			]]></add>
		</operation>
	</file>
	<file path="catalog/controller/product/search.php">
		<operation>
			<search><![CDATA[$product_total = $this->model_catalog_product->getTotalProducts($filter_data);]]></search>
			<add position="before"><![CDATA[
				$fmSettings = $this->config->get('mega_filter_settings');
		
				if( ! empty( $fmSettings['show_products_from_subcategories'] ) ) {
					if( ! empty( $fmSettings['level_products_from_subcategories'] ) ) {
						$fmLevel = (int) $fmSettings['level_products_from_subcategories'];
						$fmPath = explode( '_', empty( $this->request->get['path'] ) ? '' : $this->request->get['path'] );

						if( $fmPath && count( $fmPath ) >= $fmLevel ) {
							$filter_data['filter_sub_category'] = '1';
						}
					} else {
						$filter_data['filter_sub_category'] = '1';
					}
				}
				
				if( ! empty( $this->request->get['manufacturer_id'] ) ) {
					$filter_data['filter_manufacturer_id'] = (int) $this->request->get['manufacturer_id'];
				}
			]]></add>
		</operation>
	</file>
	
	<!-- /////////////////////////////////////////////////////////////////// -->
	
	<file path="catalog/controller/product/category.php">
		<operation>
			<search><![CDATA[$data['categories'] = array();]]></search>
			<add position="before"><![CDATA[
				$fmSettings = $this->config->get('mega_filter_settings');
				
				if( isset( $this->request->get['mfp_path'] ) && false !== ( $mfpPos = strpos( $url, '&mfp=' ) ) ) {
					$mfSt = mb_strpos( $url, '&', $mfpPos+1, 'utf-8');
					$mfp = $mfSt === false ? $url : mb_substr( $url, $mfpPos, $mfSt-1, 'utf-8' );
					$url = $mfSt === false ? '' : mb_substr($url, $mfSt, mb_strlen( $url, 'utf-8' ), 'utf-8');				
					$mfp = preg_replace( '#path(\[[^\]]+\],?|,[^/]+/?)#', '', urldecode( $mfp ) );
					$mfp = preg_replace( '#&mfp=&|&mfp=#', '', $mfp );
					
					if( $mfp ) {
						$url .= '&mfp=' . urlencode( $mfp );
					}
				}
				
				if( ! empty( $fmSettings['not_remember_filter_for_subcategories'] ) && false !== ( $mfpPos = strpos( $url, '&mfp=' ) ) ) {
					$mfUrlBeforeChange = $url;
					$mfSt = mb_strpos( $url, '&', $mfpPos+1, 'utf-8');
					$url = $mfSt === false ? '' : mb_substr($url, $mfSt, mb_strlen( $url, 'utf-8' ), 'utf-8');
				} else if( empty( $fmSettings['not_remember_filter_for_subcategories'] ) && false !== ( $mfpPos = strpos( $url, '&mfp=' ) ) ) {
					$mfUrlBeforeChange = $url;
					$url = preg_replace( '/,?path\[[0-9_]+\]/', '', $url );
				}
			]]></add>
		</operation>
		<operation>
			<search><![CDATA[$data['products'] = array();]]></search>
			<add position="before"><![CDATA[
				if( isset( $mfUrlBeforeChange ) ) {
					$url = $mfUrlBeforeChange;
					unset( $mfUrlBeforeChange );
				}
			]]></add>
		</operation>
		<operation>
			<search><![CDATA[$parts = explode('_', (string)$this->request->get['path']);]]></search>
			<add position="after"><![CDATA[
				if( isset( $this->request->get['mfp_path'] ) ) {
					$parts = explode('_', (string)$this->request->get['mfp_path']);
				}
			]]></add>
		</operation>
		<operation error="skip">
			<search><![CDATA[$this->document->addLink($this->url->link('product/category', 'path=' . $this->request->get['path']), 'canonical');]]></search>
			<add position="replace"><![CDATA[
				if( ! empty( $this->request->get['mfp_seo_alias'] ) ) {
					$this->document->addLink( rtrim( $this->url->link('product/category', 'path=' . $this->request->get['path'], true), '/' ) . '/' . $this->request->get['mfp_seo_alias'], 'canonical');
				} else {
					$this->document->addLink($this->url->link('product/category', 'path=' . $this->request->get['path']), 'canonical');
				}
			]]></add>
		</operation>
		<operation error="skip">
			<search><![CDATA[$this->document->addLink($this->url->link('product/category', 'path=' . $category_info['category_id'], true), 'canonical');]]></search>
			<add position="replace"><![CDATA[
				if( ! empty( $this->request->get['mfp_seo_alias'] ) ) {
					$this->document->addLink( rtrim( $this->url->link('product/category', 'path=' . $category_info['category_id'], true), '/' ) . '/' . $this->request->get['mfp_seo_alias'], 'canonical');
				} else {
					$this->document->addLink($this->url->link('product/category', 'path=' . $category_info['category_id'], true), 'canonical');
				}
			]]></add>
		</operation>
		<operation error="skip">
			<search><![CDATA[$this->document->addLink($this->url->link('product/category', 'path=' . $category_info['category_id'], 'SSL'), 'canonical');]]></search>
			<add position="replace"><![CDATA[
				if( ! empty( $this->request->get['mfp_seo_alias'] ) ) {
					$this->document->addLink( rtrim( $this->url->link('product/category', 'path=' . $category_info['category_id'], 'SSL'), '/' ) . '/' . $this->request->get['mfp_seo_alias'], 'canonical');
				} else {
					$this->document->addLink($this->url->link('product/category', 'path=' . $category_info['category_id'], 'SSL'), 'canonical');
				}
			]]></add>
		</operation>
	</file>
	
	<!-- /////////////////////////////////////////////////////////////////// -->
	
	<file path="catalog/controller/product/category.php">
		<operation error="skip">
			<search><![CDATA[$url = '';]]></search>
			<add position="after"><![CDATA[
				if( ! empty( $this->request->get['mfp'] ) ) {
					$url .= '&mfp=' . $this->request->get['mfp'];
				}
			]]></add>
		</operation>
		<operation>
			<search><![CDATA[$this->response->setOutput(]]></search>
			<add position="before"><![CDATA[
				$this->load->model( 'module/mega_filter' );
				
				$data = $this->model_module_mega_filter->prepareData( $data );
			]]></add>
		</operation>
		<operation>
			<search><![CDATA[$product_total = $this->model_catalog_product->getTotalProducts($filter_data);]]></search>
			<add position="before"><![CDATA[
				$filter_data['mfp_overwrite_path'] = true;
			]]></add>
		</operation>
	</file>
	<file path="catalog/controller/product/manufacturer.php">
		<operation error="skip">
			<search><![CDATA[$url = '';]]></search>
			<add position="after"><![CDATA[
				if( ! empty( $this->request->get['mfp'] ) ) {
					$url .= '&mfp=' . $this->request->get['mfp'];
				}
			]]></add>
		</operation>
		<operation>
			<search><![CDATA[$this->response->setOutput(]]></search>
			<add position="before"><![CDATA[
				$this->load->model( 'module/mega_filter' );
				
				$data = $this->model_module_mega_filter->prepareData( $data );
			]]></add>
		</operation>
		<operation>
			<search><![CDATA[$product_total = $this->model_catalog_product->getTotalProducts($filter_data);]]></search>
			<add position="before"><![CDATA[
				$filter_data['mfp_overwrite_path'] = true;
			]]></add>
		</operation>
	</file>
	<file path="catalog/controller/product/search.php">
		<operation error="skip">
			<search><![CDATA[$url = '';]]></search>
			<add position="after"><![CDATA[
				if( ! empty( $this->request->get['mfp'] ) ) {
					$url .= '&mfp=' . $this->request->get['mfp'];
				}
			]]></add>
		</operation>
		<operation>
			<search><![CDATA[$this->response->setOutput(]]></search>
			<add position="before"><![CDATA[
				$this->load->model( 'module/mega_filter' );
				
				$data = $this->model_module_mega_filter->prepareData( $data );
			]]></add>
		</operation>
		<operation>
			<search><![CDATA[$product_total = $this->model_catalog_product->getTotalProducts($filter_data);]]></search>
			<add position="before"><![CDATA[
				$filter_data['mfp_overwrite_path'] = true;
			]]></add>
		</operation>
	</file>
	<file path="catalog/controller/product/special.php">
		<operation error="skip">
			<search><![CDATA[$url = '';]]></search>
			<add position="after"><![CDATA[
				if( ! empty( $this->request->get['mfp'] ) ) {
					$url .= '&mfp=' . $this->request->get['mfp'];
				}
			]]></add>
		</operation>
		<operation>
			<search><![CDATA[$this->response->setOutput(]]></search>
			<add position="before"><![CDATA[
				$this->load->model( 'module/mega_filter' );
				
				$data = $this->model_module_mega_filter->prepareData( $data );
			]]></add>
		</operation>
		<operation>
			<search><![CDATA[$product_total = $this->model_catalog_product->getTotalProducts($filter_data);]]></search>
			<add position="before"><![CDATA[
				$filter_data['mfp_overwrite_path'] = true;
			]]></add>
		</operation>
	</file>
	<file path="catalog/controller/module/mega_filter.php">
		<operation error="skip">
			<search><![CDATA[$url = '';]]></search>
			<add position="after"><![CDATA[
				if( ! empty( $this->request->get['mfp'] ) ) {
					$url .= '&mfp=' . $this->request->get['mfp'];
				}
			]]></add>
		</operation>
		<operation>
			<search><![CDATA[$this->response->setOutput(]]></search>
			<add position="before"><![CDATA[
				$this->load->model( 'module/mega_filter' );
				
				$data = $this->model_module_mega_filter->prepareData( $data );
			]]></add>
		</operation>
		<operation>
			<search><![CDATA[$product_total = $this->model_catalog_product->getTotalProducts($filter_data);]]></search>
			<add position="before"><![CDATA[
				$filter_data['mfp_overwrite_path'] = true;
			]]></add>
		</operation>
	</file>
	
	<!-- /////////////////////////////////////////////////////////////////// -->
	
	<file path="system/library/mfilter_module.php">
		<operation>
			<search><![CDATA[class MegaFilterModule]]></search>
			<add position="before"><![CDATA[
				if( ! class_exists( 'VQMod' ) ) {
					class VQMod {
						public static $_vqversion = '2.6.1';
						public static $_virtualMFP = true;
						public static $directorySeparator = '';
						
						public static function modCheck( $path ) {
							return $path;
						}
					}
				}
			]]></add>
		</operation>
	</file>
	
	<file path="system/engine/event.php" error="skip">
		<operation error="skip">
			<search><![CDATA[trigger($event, array $args = array()) {]]></search>
			<add position="after"><![CDATA[
				if( in_array( $event, array( 'model/module/mega_filter/before', 'model/module/mega_filter/after' ) ) ) {
					return;
				}
			]]></add>
		</operation>
	</file>
	
	<file path="admin/controller/extension/extension/module.php" error="skip">
		<operation error="skip">
			<search><![CDATA[$this->load->controller('extension/module/' . $this->request->get['extension'] . '/install');]]></search>
			<add position="after"><![CDATA[
				if( $this->request->get['extension'] == 'mega_filter' ) {
					$this->load->controller('module/mega_filter/install');
				}
			]]></add>
		</operation>
		<operation error="skip">
			<search><![CDATA[$this->load->controller('extension/module/' . $this->request->get['extension'] . '/uninstall');]]></search>
			<add position="after"><![CDATA[
				if( $this->request->get['extension'] == 'mega_filter' ) {
					$this->load->controller('module/mega_filter/uninstall');
				}
			]]></add>
		</operation>
	</file>
	
	<file path="admin/view/template/extension/extension/module.tpl" error="skip">
		<operation error="skip">
			<search><![CDATA[$extension['edit']]]></search>
			<add position="replace"><![CDATA[str_replace( 'extension/module/mega_filter', 'module/mega_filter', $extension['edit'] )]]></add>
		</operation>
	</file>

</modification>