<?xml version="1.0" encoding="utf-8"?>
<modification>
    <code>HYPER_LOYALTY</code>
    <name>HYPER LOYALTY +</name>
    <version>2.5.4</version>
    <author>k-A web systems</author>
	<!-- 2.2 -->
	<file path="system/library/cart/cart.php">
	    <operation error="skip">
            <search><![CDATA[class Cart {]]></search>
            <add position="replace"><![CDATA[
				require_once DIR_SYSTEM.'library/hdcart.php';
				class Cart extends \hdCart {
            ]]></add>
        </operation>

		<operation error="skip">
			<search><![CDATA[public function getProducts() {]]></search>
			<add position="replace"><![CDATA[
				public function _getProducts() {
			]]></add>
		</operation>
		<operation error="skip">
			<search><![CDATA['quantity'        => $cart['quantity'],]]></search>
			<add position="after"><![CDATA[
				'option_price' => $option_price,
				'total_option' => $option_price * $cart['quantity'],
			]]></add>
		</operation>
	</file>

	<file path="admin/model/catalog/product.php">
        <operation>
            <search><![CDATA[$this->cache->delete('product');]]></search>
            <add position="after"><![CDATA[
           	$this->load->model('extension/total/hyper_discount/discount');
            $this->model_extension_total_hyper_discount_discount->reIndexProducts($product_id);
            ]]></add>
        </operation>
    </file>
</modification>
