<?xml version="1.0" encoding="UTF-8"?>
<modification>
	<id>Quick Order OC2x</id>
	<code>Quick Order OC2x</code>
	<name>Quick Order OC2x</name>
	<version>2.3</version>
	<author>opencart2x.ru</author>
	<link>https://opencart2x.ru</link>
	<file path="catalog/view/theme/*/template/common/header.tpl">
        <operation>
            <search ><![CDATA[
            </head>
            ]]></search>
            <add position="before"><![CDATA[
<link rel="stylesheet" type="text/css" href="catalog/view/stylesheet/pdqo/vendor/magnific-popup/magnific-popup.min.css" />
<link rel="stylesheet" type="text/css" href="catalog/view/stylesheet/pdqo/vendor/animate/animate.min.css" />
<link rel="stylesheet" type="text/css" href="catalog/view/stylesheet/pdqo/pdqo.min.css" />
<link rel="stylesheet" type="text/css" href="catalog/view/stylesheet/pdqo/default.css" />
            ]]></add>
        </operation>
    </file>
	<file path="catalog/view/theme/*/template/common/footer.tpl">
        <operation>
            <search><![CDATA[
            </body>
            ]]></search>
            <add position="before"><![CDATA[
<script type="text/javascript" src="catalog/view/javascript/pdqo/vendor/magnific-popup/jquery.magnific-popup.min.js"></script>
<script type="text/javascript" src="catalog/view/javascript/pdqo/vendor/numbox/jquery.numbox-1.2.0.min.js"></script>
<script type="text/javascript" src="catalog/view/javascript/pdqo/vendor/masked-input/jquery.mask.min.js"></script>
<script type="text/javascript" src="catalog/view/javascript/pdqo/jquery.pdqo-core.min.js"></script>
            ]]></add>
        </operation>
    </file>
    <file path="catalog/view/theme/*/template/product/product.tpl">
        <operation>
            <search ><![CDATA[
            <button type="button" id="button-cart" data-loading-text="<?php echo $text_loading; ?>" class="btn btn-primary btn-lg btn-block"><?php echo $button_cart; ?></button>
            ]]></search>
            <add position="before"><![CDATA[
<a class="btn btn-primary btn-lg btn-block" data-pdqo-item="<?php echo $product_id; ?>" onclick="pdqoObject(this);" />Быстрый заказ</a>
            ]]></add>
        </operation>
    </file>
    <file path="catalog/view/theme/*/template/product/category.tpl">
        <operation>
            <search ><![CDATA[
            <div class="button-group">
            ]]></search>
            <add position="before"><![CDATA[
<a class="btn btn-primary btn-lg btn-block" data-pdqo-item="<?php echo $product['product_id']; ?>" onclick="pdqoObject(this);" />Быстрый заказ</a>
            ]]></add>
        </operation>
    </file>
</modification>